Genus,Species,Transect,Day,Mo,Year,ampm,Time,sex,SVL,Mass
Oxybelis,brevirostris,Aguadulce,28,2,2007,,,1,60.7,27.3
Oxybelis,brevirostris,Aguadulce,27,3,2007,,10:03:00 PM,2,57.9,18.2
Imantodes,cenchoa,Aguadulce,27,3,2007,,10:20:00 PM,1,65.3,11.0
Bothriechis,schlegelii,Aguadulce,28,2,2007,,,2,24.9,4.8
Oxybelis,brevirostris,Cabin,24,10,2006,,8:20:00 PM,1,81.9,23.6
Oxyrhopus,petolarius,Cabin,23,7,2007,,,2,70.8,84.2
Sibon,argus,Cascada,22,5,2001,2,2030,0,27.0,1.6
Sibon,argus,Cascada,1,7,2001,2,2123,0,,
Oxybelis,brevirostris,Cascada,8,6,2001,,2210,0,,
Oxybelis,brevirostris,Cascada,15,6,2001,2,2242,0,,
Oxybelis,brevirostris,Cascada,25,6,2001,,2140,0,,
Oxybelis,brevirostris,Cascada,25,6,2001,,2242,0,,
Imantodes,cenchoa,Cascada,25,6,2001,,2145,0,,
Imantodes,cenchoa,Cascada,13,7,2001,,2103,0,,
Sibon,argus,Cascada,2,6,2002,2,2114,0,37.0,8.0
Sibon,argus,Cascada,17,6,2002,2,2040,0,,
Sibon,argus,Cascada,27,7,2002,,2228,0,,
Sibon,argus,Cascada,4,8,2002,2,2059,0,39.0,7.8
Geophis,bellus,Cascada,19,7,2002,2,2155,0,,
Oxybelis,brevirostris,Cascada,27,7,2002,,2208,0,37.5,8.5
Imantodes,cenchoa,Cascada,27,7,2002,,2222,0,,
Clelia,clelia,Cascada,29,6,2002,2,2258,0,,
Clelia,clelia,Cascada,27,7,2002,,2228,0,,
Rhadinaea,decorata,Cascada,1,6,2002,,1116,0,26.0,11.5
Rhadinaea,decorata,Cascada,3,8,2002,,1048,0,20.5,5.7
Sibon,argus,Cascada,20,5,2003,,2050,0,41.0,12.3
Sibon,argus,Cascada,10,6,2003,2,2058,1,18.2,
Sibon,argus,Cascada,7,7,2003,,1959,0,43.5,15.5
Sibon,argus,Cascada,7,7,2003,,2140,0,32.0,7.1
Sibon,argus,Cascada,28,9,2003,,2329,0,41.0,10.2
Sibon,argus,Cascada,19,10,2003,,2007,0,44.0,14.0
Oxybelis,brevirostris,Cascada,20,5,2003,,2137,0,32.0,
Oxybelis,brevirostris,Cascada,7,7,2003,,2140,0,37.0,7.4
Oxybelis,brevirostris,Cascada,7,7,2003,,2204,0,60.0,26.6
Imantodes,cenchoa,Cascada,25,5,2003,2,2035,1,79.0,35.1
Imantodes,cenchoa,Cascada,2,6,2003,,2000,0,79.0,32.8
Imantodes,cenchoa,Cascada,2,6,2003,,2305,2,82.0,28.4
Sibon,argus,Cascada,25,4,2004,,2246,0,35.5,
Sibon,argus,Cascada,19,5,2004,2,2036,2,43.5,
Oxybelis,brevirostris,Cascada,5,3,2004,2,2321,0,,
Oxybelis,brevirostris,Cascada,23,11,2004,,2124,0,,
Sibon,longifrenis,Cascada,25,4,2004,2,2139,2,43.0,
Sibon,nebulatus,Cascada,5,3,2004,2,1957,2,76.0,
Leptodeira,septentrionalis,Cascada,28,10,2004,,2120,0,82.0,
Rhadinaea,vermiculaticeps,Cascada,28,10,2004,,1328,0,23.0,
Oxybelis,brevirostris,Cascada,28,9,2006,2,8:00:00 PM,1,84.9,23.2
Oxybelis,brevirostris,Cascada,2,10,2006,2,8:-4:-59 PM,2,67.6,23.6
Oxybelis,brevirostris,Cascada,31,10,2006,2,8:21:00 PM,1,70.0,31.5
Imantodes,cenchoa,Cascada,11,11,2006,2,8:13:00 PM,2,31.9,2.6
Sibon,annulatus,Cascada,9,2,2007,2,8:28:00 PM,0,,
Bothriechis,schlegelii,Cascada,28,1,2007,2,8:15:00 PM,2,34.8,15.4
Leptodeira,septentrionalis,Cascada,8,4,2007,2,9:-23:-59 PM,2,48.0,23.4
Sibon,argus,Cascada,22,8,2008,2,9:-22:-59 PM,1,43.7,8.3
Oxyrhopus,petolarius,Cascada,18,7,2011,2,,1,50.9,33.5
Sibon,argus,Cascada,8,6,2012,2,2103,0,39.0,6.4
Sibon,argus,Cascada,11,7,2012,2,2057,0,,
Dipsas,sp.,Cascada,8,6,2012,2,2119,0,26.0,2.1
Rhadinaea,decorata,Connector trail,24,5,2000,,1011,0,16.0,2.1
Sibon,nebulatus,Cutoff,5,11,2006,,10:-2:-59 PM,1,49.0,24.1
Sibon,annulatus,Cutoff,4,5,2007,,8:27:00 PM,2,,13.2
Sibon,annulatus,Cutoff,18,5,2007,,9:09:00 PM,2,33.9,4.2
Oxybelis,brevirostris,Cutoff,18,1,2007,,8:-23:-59 PM,1,60.1,18.5
Oxybelis,brevirostris,Cutoff,23,1,2007,,9:00:00 PM,1,60.1,18.5
Oxybelis,brevirostris,Cutoff,5,2,2007,,8:-15:-59 PM,2,67.0,25.5
Oxybelis,brevirostris,Cutoff,6,2,2007,,8:-7:-59 PM,1,59.6,17.8
Oxybelis,brevirostris,Cutoff,18,5,2007,,9:-22:-59 PM,2,60.0,17.9
Oxybelis,brevirostris,Cutoff,12,8,2007,,10:17:00 PM,2,27.8,2.8
Imantodes,cenchoa,Cutoff,1,1,2007,,8:-28:-59 PM,2,69.4,10.8
Imantodes,cenchoa,Cutoff,6,4,2007,,9:-27:-59 PM,2,45.4,5.5
Imantodes,cenchoa,Cutoff,29,7,2007,,8:04:00 PM,1,73.9,14.6
Imantodes,cenchoa,Cutoff,4,8,2007,,8:11:00 PM,2,65.6,16.5
Imantodes,inornatus,Cutoff,14,3,2007,,10:-11:-59 PM,2,55.7,20.9
Bothriechis,schlegelii,Cutoff,18,2,2007,,9:-28:-59 PM,2,19.9,0.9
Leptodeira,septentrionalis,Cutoff,4,1,2007,,8:12:00 PM,2,40.9,14.4
Leptodeira,septentrionalis,Cutoff,7,4,2007,,9:-17:-59 PM,2,38.8,13.0
Dipsas,sp.,Cutoff,10,1,2007,,8:09:00 PM,1,43.2,11.6
Dipsas,sp.,Cutoff,12,7,2007,,9:-1:-59 PM,1,43.6,9.6
Dipsas,sp.,Cutoff,18,11,2007,,,1,23.3,2.3
Dipsas,sp.,Cutoff,18,11,2007,,,2,20.9,2.4
Sibon,annulatus,Cutoff,16,8,2008,,9:01:00 PM,1,39.9,5.4
Sibon,annulatus,Cutoff,16,8,2008,,10:-17:-59 PM,2,34.1,4.2
Sibon,annulatus,Cutoff,25,8,2008,,9:28:00 PM,2,34.6,4.1
Sibon,argus,Cutoff,8,6,2008,,9:-25:-59 PM,2,44.2,9.9
Sibon,argus,Cutoff,19,7,2008,,11:17:00 PM,2,38.7,9.4
Imantodes,cenchoa,Cutoff,21,9,2008,,9:13:00 PM,1,69.8,15.6
Clelia,clelia,Cutoff,16,8,2008,,9:20:00 PM,0,,
Sibon,annulatus,Cutoff,8,6,2009,,8:28:00 PM,1,40.4,7.3
Imantodes,cenchoa,Cutoff,21,9,2009,,9:21:00 PM,1,65.9,12.7
Sibon,annulatus,Fenomenal,26,7,2000,,2230,0,,
Sibon,annulatus,Fenomenal,6,8,2000,,2151,0,27.0,2.7
Leptophis,depressirostris,Fenomenal,6,8,2000,,2045,0,,
Leptophis,depressirostris,Fenomenal,6,8,2000,,2138,0,34.5,4.0
Leptophis,ahaetulla,Guabal,25,11,1998,,2105,0,,
Sibon,annulatus,Guabal,7,6,1998,,2120,0,100.0,
Sibon,annulatus,Guabal,27,11,1998,,2105,0,,
Sibon,argus,Guabal,14,1,1998,,,0,10.0,
Sibon,argus,Guabal,14,1,1998,,,0,,
Sibon,argus,Guabal,14,1,1998,,2122,0,,
Sibon,argus,Guabal,15,1,1998,,2115,0,,
Sibon,argus,Guabal,7,6,1998,,,0,,
Sibon,argus,Guabal,7,6,1998,,,0,,
Sibon,argus,Guabal,7,6,1998,,,0,,
Sibon,argus,Guabal,23,11,1998,,2010,0,,
Sibon,argus,Guabal,27,11,1998,,2030,0,,
Oxybelis,brevirostris,Guabal,14,1,1998,,2105,0,,
Imantodes,cenchoa,Guabal,25,11,1998,,2142,0,,
Liophis,epinephalus,Guabal,25,11,1998,,943,0,,
Chironius,grandisquamis,Guabal,23,6,1998,,1007,0,150.0,
Dendrophidion,percarinatum,Guabal,23,6,1998,,835,0,,
Dendrophidion,percarinatum,Guabal,24,6,1998,,955,0,,
Dendrophidion,percarinatum,Guabal,24,6,1998,,,0,,
Sibon,argus,Guabal,11,7,1999,,1957,0,,
Sibon,argus,Guabal,11,7,1999,,2149,0,,
Imantodes,cenchoa,Guabal,11,7,1999,,2123,0,,
Pliocercus,euryzona,Guabal,15,7,1999,,2121,0,,
Bothriechis,schlegelii,Guabal,28,7,1999,1,1155,0,,
Leptophis,ahaetulla,Guabal,13,8,2000,1,,1,71.0,
Sibon,argus,Guabal,18,5,2000,,2004,1,42.5,10.1
Sibon,argus,Guabal,29,5,2000,,2044,1,40.0,9.5
Sibon,argus,Guabal,29,5,2000,,2152,0,,
Sibon,argus,Guabal,24,7,2000,,2124,0,27.0,2.8
Sibon,argus,Guabal,24,7,2000,,2205,0,38.5,10.1
Sibon,argus,Guabal,4,8,2000,,2145,0,39.5,15.5
Imantodes,cenchoa,Guabal,4,8,2000,,2120,0,,
Rhadinaea,decorata,Guabal,1,8,2000,1,1100,0,,
Sibon,annulatus,Guabal,12,7,2001,,2120,0,20.0,
Sibon,argus,Guabal,6,6,2001,,2100,0,,
Sibon,argus,Guabal,6,6,2001,,2155,0,29.5,4.5
Sibon,argus,Guabal,11,6,2001,2,2335,0,,
Sibon,argus,Guabal,19,6,2001,,2032,0,18.0,
Sibon,argus,Guabal,19,6,2001,,2121,1,41.0,
Sibon,argus,Guabal,19,6,2001,,1253,0,19.0,
Sibon,argus,Guabal,19,6,2001,,2215,1,15.0,
Sibon,argus,Guabal,19,6,2001,,2239,2,40.0,
Oxybelis,brevirostris,Guabal,19,6,2001,,2025,0,,
Imantodes,cenchoa,Guabal,19,6,2001,,2056,2,70.0,18.3
Sibon,argus,Guabal,3,6,2002,2,2140,0,,
Sibon,argus,Guabal,9,6,2002,,2120,0,29.0,5.5
Sibon,argus,Guabal,9,6,2002,,2127,0,41.0,13.7
Sibon,argus,Guabal,15,6,2002,,2053,0,,
Sibon,argus,Guabal,15,6,2002,,2118,0,46.0,15.1
Sibon,argus,Guabal,4,7,2002,,2050,0,42.0,12.5
Sibon,argus,Guabal,6,8,2002,,2006,0,39.0,12.5
Oxybelis,brevirostris,Guabal,9,6,2002,,2018,0,38.0,
Oxybelis,brevirostris,Guabal,22,6,2002,2,2022,0,,
Oxybelis,brevirostris,Guabal,6,8,2002,,2200,0,,
Imantodes,cenchoa,Guabal,15,6,2002,,2140,0,78.0,39.6
Leptodeira,septentrionalis,Guabal,4,7,2002,,2122,0,21.0,3.5
Dipsas,sp.,Guabal,30,7,2002,,2046,0,19.0,2.0
Sibon,argus,Guabal,31,5,2003,2,2008,0,19.0,
Sibon,argus,Guabal,14,7,2003,,2150,0,35.0,9.9
Sibon,argus,Guabal,20,7,2003,,2030,0,39.0,9.8
Sibon,argus,Guabal,20,7,2003,,2145,0,,
Sibon,argus,Guabal,20,7,2003,,2152,0,44.0,13.3
Sibon,argus,Guabal,30,7,2003,,2100,0,20.0,
Sibon,argus,Guabal,30,7,2003,,2135,0,32.0,9.5
Sibon,argus,Guabal,27,9,2003,,2300,0,21.8,1.7
Sibon,argus,Guabal,20,10,2003,,2138,0,41.0,10.8
Sibon,argus,Guabal,20,10,2003,,2131,0,26.0,
Sibon,argus,Guabal,3,11,2003,,2059,0,39.0,9.0
Chironius,grandisquamis,Guabal,18,5,2003,2,2127,0,,
Chironius,grandisquamis,Guabal,30,7,2003,,2110,0,,
Sibon,longifrenis,Guabal,7,6,2003,2,2155,0,34.0,8.2
Leptodeira,septentrionalis,Guabal,3,11,2003,,2234,0,29.0,2.8
Dipsas,sp.,Guabal,26,5,2003,,2030,1,28.0,6.4
Dipsas,sp.,Guabal,14,7,2003,,2007,0,27.5,4.8
Dipsas,sp.,Guabal,27,9,2003,,2036,0,32.0,5.0
Dipsas,sp.,Guabal,20,10,2003,,2156,0,22.0,2.4
Dipsas,sp.,Guabal,3,11,2003,,2034,0,31.0,4.8
Micrurus,stewarti,Guabal,30,7,2003,,2122,0,,
Rhadinaea,vermiculaticeps,Guabal,25,5,2003,1,1047,0,24.0,10.2
Sibon,argus,Guabal,7,6,2004,,2019,0,,
Sibon,argus,Guabal,7,6,2004,,2153,0,28.0,
Sibon,argus,Guabal,3,7,2004,2,2200,0,,
Sibon,argus,Guabal,21,8,2004,,2243,0,34.5,
Sibon,argus,Guabal,23,10,2004,,2235,0,34.5,
Sibon,argus,Guabal,6,11,2004,,2128,0,,
Bothrops,asper,Guabal,11,11,2004,,1958,0,,
Bothrops,asper,Guabal,19,11,2004,,2107,0,,
Bothrops,asper,Guabal,17,12,2004,,1132,0,,
Oxybelis,brevirostris,Guabal,17,5,2004,,2116,0,,
Oxybelis,brevirostris,Guabal,25,9,2004,,2129,0,73.0,
Oxybelis,brevirostris,Guabal,25,9,2004,,2129,0,73.0,
Oxybelis,brevirostris,Guabal,11,11,2004,,2121,0,,
Ninia,maculata,Guabal,21,8,2004,,2306,0,,
Sibon,nebulatus,Guabal,10,2,2004,,2139,0,31.0,9.2
Sibon,nebulatus,Guabal,24,4,2004,2,2021,0,,
Sibon,nebulatus,Guabal,17,5,2004,,2234,0,48.0,
Leptodeira,septentrionalis,Guabal,17,5,2004,,2058,0,56.0,33.6
Dipsas,sp.,Guabal,10,2,2004,,2014,0,50.0,14.4
Dipsas,sp.,Guabal,6,3,2004,2,2054,0,34.0,
Dipsas,sp.,Guabal,23,10,2004,,2103,0,16.0,
Sibon,argus,Guabal,15,9,2006,2,9:04:00 PM,1,26.6,2.8
Sibon,argus,Guabal,7,12,2006,2,9:-17:-59 PM,2,42.5,12.3
Oxybelis,brevirostris,Guabal,12,10,2006,1,8:-5:-59 PM,2,66.4,26.9
Oxybelis,brevirostris,Guabal,11,11,2006,2,9:12:00 PM,2,66.0,28.8
Oxybelis,brevirostris,Guabal,13,11,2006,2,8:00:-59 PM,2,67.3,29.9
Oxybelis,brevirostris,Guabal,13,11,2006,2,8:-17:-59 PM,2,63.8,22.6
Oxybelis,brevirostris,Guabal,5,12,2006,,9:-9:-59 PM,2,64.3,24.2
Oxybelis,brevirostris,Guabal,7,12,2006,2,8:27:00 PM,2,64.3,24.2
Oxybelis,brevirostris,Guabal,30,12,2006,2,9:01:00 PM,2,64.3,23.3
Imantodes,cenchoa,Guabal,28,9,2006,2,9:-9:-59 PM,1,82.3,24.5
Imantodes,cenchoa,Guabal,1,11,2006,2,9:-26:-59 PM,1,77.0,17.9
Bothriechis,schlegelii,Guabal,2,10,2006,2,8:25:00 PM,2,16.9,3.0
Dipsas,sp.,Guabal,25,9,2006,2,8:02:00 PM,2,21.0,2.0
Dipsas,sp.,Guabal,13,11,2006,2,8:-4:-59 PM,2,20.3,2.1
Sibon,annulatus,Guabal,10,1,2007,,9:00:00 PM,2,18.2,1.1
Sibon,annulatus,Guabal,20,2,2007,2,9:-6:-59 PM,2,36.3,
Sibon,annulatus,Guabal,20,2,2007,2,8:26:00 PM,1,39.6,6.8
Sibon,annulatus,Guabal,26,3,2007,2,10:-11:-59 PM,2,21.0,1.4
Sibon,annulatus,Guabal,8,4,2007,2,9:11:00 PM,2,36.3,6.4
Sibon,annulatus,Guabal,8,4,2007,2,9:-13:-59 PM,2,22.4,1.7
Sibon,annulatus,Guabal,6,5,2007,2,9:-11:-59 PM,2,21.6,1.0
Sibon,annulatus,Guabal,13,7,2007,,9:14:00 PM,2,36.1,6.4
Sibon,annulatus,Guabal,12,8,2007,,10:-29:-59 PM,2,35.4,5.4
Sibon,annulatus,Guabal,13,8,2007,,10:-29:-59 PM,2,34.2,4.0
Sibon,argus,Guabal,16,1,2007,2,9:-12:-59 PM,2,28.1,3.9
Sibon,argus,Guabal,7,2,2007,2,9:-18:-59 PM,2,36.4,7.1
Sibon,argus,Guabal,8,4,2007,2,9:-8:-59 PM,1,31.0,5.0
Sibon,argus,Guabal,22,5,2007,2,10:-29:-59 PM,1,31.3,4.6
Sibon,argus,Guabal,6,8,2007,2,9:07:00 PM,1,32.2,5.1
Bothrops,asper,Guabal,19,8,2007,,10:-14:-59 PM,0,,
Oxybelis,brevirostris,Guabal,10,1,2007,,10:-4:-59 PM,2,65.4,23.8
Imantodes,cenchoa,Guabal,7,2,2007,2,9:-3:-59 PM,1,77.6,19.6
Imantodes,cenchoa,Guabal,26,3,2007,2,9:05:00 PM,2,69.4,21.9
Imantodes,inornatus,Guabal,12,8,2007,,8:09:00 PM,1,63.3,15.2
Leptophis,nebulosus,Guabal,20,1,2007,2,8:25:00 PM,2,41.0,10.9
Bothriechis,schlegelii,Guabal,10,1,2007,,10:-2:-59 PM,1,29.0,8.4
Dipsas,sp.,Guabal,10,1,2007,,10:-19:-59 PM,1,21.6,2.3
Dipsas,sp.,Guabal,20,1,2007,2,7:16:00 PM,2,25.5,3.2
Dipsas,sp.,Guabal,20,1,2007,2,9:-19:-59 PM,2,20.3,1.9
Dipsas,sp.,Guabal,20,1,2007,2,9:-12:-59 PM,1,24.9,2.7
Dipsas,sp.,Guabal,6,5,2007,2,9:08:00 PM,1,26.1,2.1
Sibon,annulatus,Guabal,16,6,2008,2,8:21:00 PM,2,28.0,2.6
Sibon,annulatus,Guabal,26,8,2008,2,9:03:00 PM,1,28.5,2.2
Sibon,argus,Guabal,20,8,2008,2,8:00:00 PM,2,43.4,12.3
Sibon,argus,Guabal,20,8,2008,2,9:-9:-59 PM,2,41.4,10.5
Imantodes,cenchoa,Guabal,20,8,2008,2,9:-22:-59 PM,1,68.6,15.2
Imantodes,cenchoa,Guabal,20,8,2008,2,9:04:00 PM,1,79.6,21.8
Sibon,argus,Guabal,13,7,2010,2,2055,0,,4.5
Sibon,argus,Guabal,17,7,2011,2,2024,0,46.2,14.8
Sibon,argus,Guabal,18,7,2011,2,2042,0,45.6,17.0
Sibon,argus,Guabal,16,7,2012,2,2024,0,,
Oxybelis,brevirostris,Guabal,4,6,2012,2,950,0,31.2,4.6
Imantodes,cenchoa,Guabal,3,6,2012,2,2137,0,40.4,3.8
Dipsas,sp.,Guabal,3,6,2012,2,2133,0,,
Sibon,argus,Loop Stream,26,6,1998,,2140,0,,
Sibon,annulatus,Loop Stream,14,7,1999,,2221,0,50.0,25.0
Sibon,argus,Loop Stream,24,7,1999,,2038,0,46.0,13.0
Sibon,argus,Loop Stream,4,8,1999,,2132,0,,8.0
Imantodes,cenchoa,Loop Stream,4,8,1999,,2150,0,73.0,19.0
Rhadinaea,decorata,Loop Stream,10,7,1999,,1016,0,,
Rhadinaea,decorata,Loop Stream,14,7,1999,,1012,0,24.5,7.8
Leptophis,depressirostris,Loop Stream,10,7,1999,,1030,0,,
Leptophis,depressirostris,Loop Stream,14,7,1999,2,2157,0,,
Sibon,argus,Loop Stream,1,6,2000,,2132,0,,
Sibon,argus,Loop Stream,9,8,2000,,2115,0,36.0,6.5
Leptophis,depressirostris,Loop Stream,29,7,2000,2,2256,0,,
Leptophis,depressirostris,Loop Stream,9,8,2000,,1955,0,,
Sibon,annulatus,Loop Stream,20,6,2001,,2022,1,34.5,
Sibon,argus,Loop Stream,18,5,2001,,2050,0,33.0,11.8
Sibon,argus,Loop Stream,18,5,2001,,2253,0,36.0,14.3
Sibon,argus,Loop Stream,28,5,2001,,2115,0,25.0,
Sibon,argus,Loop Stream,12,6,2001,2,2203,0,37.0,
Sibon,argus,Loop Stream,4,7,2001,,2105,0,,
Sibon,argus,Loop Stream,15,7,2001,2,2200,2,25.0,
Oxybelis,brevirostris,Loop Stream,20,6,2001,,2101,0,,
Oxybelis,brevirostris,Loop Stream,28,6,2001,2,2225,0,,
Imantodes,cenchoa,Loop Stream,28,5,2001,,2030,0,70.0,14.7
Imantodes,cenchoa,Loop Stream,20,6,2001,,2245,2,70.0,
Sibon,argus,Loop Stream,28,6,2002,,2310,0,39.0,9.3
Sibon,argus,Loop Stream,10,7,2002,2,2200,0,28.0,5.9
Sibon,argus,Loop Stream,24,7,2002,,2122,0,,
Oxybelis,brevirostris,Loop Stream,13,6,2002,2,2138,0,63.0,27.2
Oxybelis,brevirostris,Loop Stream,28,6,2002,,2255,0,64.0,27.3
Oxybelis,brevirostris,Loop Stream,20,7,2002,,2116,0,,
Oxybelis,brevirostris,Loop Stream,24,7,2002,,2250,0,,
Imantodes,cenchoa,Loop Stream,24,7,2002,,2142,0,77.0,21.0
Imantodes,cenchoa,Loop Stream,24,7,2002,,2252,1,75.0,26.5
Rhadinaea,decorata,Loop Stream,20,6,2002,2,1020,0,24.0,8.5
Rhadinaea,decorata,Loop Stream,28,6,2002,,2123,0,26.0,8.5
Leptodeira,septentrionalis,Loop Stream,24,7,2002,,2049,0,19.5,3.3
Leptodeira,septentrionalis,Loop Stream,24,7,2002,,2110,0,47.0,26.0
Sibon,argus,Loop Stream,11,6,2003,,2045,0,40.0,10.8
Sibon,argus,Loop Stream,11,6,2003,,2302,0,35.0,7.8
Sibon,argus,Loop Stream,9,7,2003,,2055,0,,
Sibon,argus,Loop Stream,9,7,2003,,2105,0,42.0,11.4
Sibon,argus,Loop Stream,9,7,2003,,2230,0,30.0,4.4
Sibon,argus,Loop Stream,17,7,2003,,2055,0,22.0,
Sibon,argus,Loop Stream,26,9,2003,,2204,0,20.0,3.0
Sibon,argus,Loop Stream,18,10,2003,,2206,0,38.0,
Sibon,argus,Loop Stream,9,11,2003,,2103,0,43.5,14.0
Sibon,argus,Loop Stream,9,11,2003,,2111,0,40.5,13.0
Sibon,argus,Loop Stream,11,12,2003,,2206,0,42.5,17.0
Oxybelis,brevirostris,Loop Stream,3,6,2003,2,2220,0,36.0,9.4
Oxybelis,brevirostris,Loop Stream,11,6,2003,,2256,0,38.0,8.8
Oxybelis,brevirostris,Loop Stream,9,7,2003,,2242,0,42.0,9.9
Oxybelis,brevirostris,Loop Stream,31,7,2003,,2145,0,60.0,22.3
Oxybelis,brevirostris,Loop Stream,26,9,2003,,2318,0,10.0,10.0
Oxybelis,brevirostris,Loop Stream,11,12,2003,,2321,0,,
Imantodes,cenchoa,Loop Stream,11,6,2003,,2109,0,71.0,24.3
Imantodes,cenchoa,Loop Stream,31,7,2003,,2135,0,75.0,
Imantodes,cenchoa,Loop Stream,18,10,2003,,2053,0,77.0,
Drymobius,rhombifer,Loop Stream,21,5,2003,2,2240,0,,
Dipsas,sp.,Loop Stream,9,7,2003,,2225,0,23.5,2.8
Dipsas,sp.,Loop Stream,17,7,2003,,2105,0,,
Rhadinaea,vermiculaticeps,Loop Stream,27,7,2003,,925,0,19.0,6.4
Sibon,argus,Loop Stream,1,7,2004,,2053,0,43.5,14.0
Sibon,argus,Loop Stream,20,8,2004,,2300,0,42.0,17.0
Sibon,argus,Loop Stream,20,8,2004,,2030,0,14.9,
Sibon,argus,Loop Stream,27,9,2004,,2156,0,,
Sibon,argus,Loop Stream,27,9,2004,,2108,0,32.5,
Sibon,argus,Loop Stream,16,10,2004,,2209,0,35.5,
Sibon,argus,Loop Stream,16,10,2004,,2215,0,35.5,
Sibon,argus,Loop Stream,25,10,2004,,2031,0,26.5,
Sibon,argus,Loop Stream,16,12,2004,,2033,0,,
Oxybelis,brevirostris,Loop Stream,27,9,2004,,2221,0,43.5,
Oxybelis,brevirostris,Loop Stream,25,10,2004,,2158,0,,
Oxybelis,brevirostris,Loop Stream,15,11,2004,,2052,0,,
Oxybelis,brevirostris,Loop Stream,16,12,2004,,2028,0,,
Imantodes,cenchoa,Loop Stream,20,8,2004,,2103,0,74.5,
Imantodes,cenchoa,Loop Stream,16,10,2004,,2020,0,73.5,16.5
Imantodes,cenchoa,Loop Stream,16,10,2004,,2127,0,90.0,
Hydromorphus,concolor,Loop Stream,20,8,2004,,2210,0,,
Leptodeira,septentrionalis,Loop Stream,9,6,2004,2,2132,0,79.0,
Leptodeira,septentrionalis,Loop Stream,20,8,2004,,2055,1,40.0,
Leptodeira,septentrionalis,Loop Stream,20,8,2004,,2100,0,38.4,
Sibon,argus,Loop Stream,12,11,2006,2,10:-15:-59 PM,2,35.8,8.2
Sibon,argus,Loop Stream,15,12,2006,2,10:-4:-59 PM,1,43.8,10.4
Oxybelis,brevirostris,Loop Stream,21,9,2006,2,9:13:00 PM,1,52.6,12.8
Oxybelis,brevirostris,Loop Stream,30,9,2006,1,10:-11:-59 PM,1,64.9,23.6
Oxybelis,brevirostris,Loop Stream,4,10,2006,2,11:-15:-59 PM,2,67.7,24.7
Oxybelis,brevirostris,Loop Stream,4,10,2006,2,10:24:00 PM,1,52.6,12.7
Oxybelis,brevirostris,Loop Stream,12,12,2006,2,8:-11:-59 PM,2,53.2,11.4
Oxybelis,brevirostris,Loop Stream,15,12,2006,2,10:21:00 PM,2,68.1,23.9
Imantodes,cenchoa,Loop Stream,12,12,2006,2,8:-1:-59 PM,2,59.0,13.0
Bothriechis,schlegelii,Loop Stream,3,10,2006,2,11:-12:-59 PM,1,22.5,3.3
Bothriechis,schlegelii,Loop Stream,5,10,2006,1,9:-7:-59 PM,2,29.7,7.9
Sibon,annulatus,Loop Stream,12,3,2007,2,9:-11:-59 PM,1,40.6,6.4
Sibon,annulatus,Loop Stream,12,3,2007,2,9:-18:-59 PM,1,37.3,5.4
Sibon,annulatus,Loop Stream,27,3,2007,2,10:-20:-59 PM,1,40.6,6.6
Sibon,annulatus,Loop Stream,23,4,2007,2,9:00:-59 PM,1,40.3,6.2
Sibon,annulatus,Loop Stream,23,4,2007,2,9:-8:-59 PM,2,38.2,8.4
Sibon,annulatus,Loop Stream,8,5,2007,2,9:-13:-59 PM,1,40.3,5.5
Sibon,argus,Loop Stream,13,5,2007,2,8:18:00 PM,2,38.8,8.7
Sibon,argus,Loop Stream,13,5,2007,2,8:18:00 PM,1,44.1,8.2
Sibon,argus,Loop Stream,7,7,2007,2,8:22:00 PM,2,38.7,9.4
Sibon,argus,Loop Stream,10,7,2007,2,9:-7:-59 PM,1,44.5,8.6
Sibon,argus,Loop Stream,4,8,2007,2,8:26:00 PM,2,41.7,10.7
Sibon,argus,Loop Stream,13,8,2007,2,10:-5:-59 PM,1,34.4,4.6
Sibon,argus,Loop Stream,22,8,2007,2,,2,36.8,9.4
Oxybelis,brevirostris,Loop Stream,3,1,2007,2,9:-7:-59 PM,2,68.1,29.1
Oxybelis,brevirostris,Loop Stream,3,1,2007,2,9:04:00 PM,2,68.1,24.1
Oxybelis,brevirostris,Loop Stream,12,1,2007,2,10:28:00 PM,2,68.1,24.3
Oxybelis,brevirostris,Loop Stream,17,1,2007,2,10:09:00 PM,2,58.0,18.9
Oxybelis,brevirostris,Loop Stream,22,1,2007,2,10:-19:-59 PM,2,68.1,24.0
Oxybelis,brevirostris,Loop Stream,29,1,2007,2,10:-1:-59 PM,2,58.0,18.0
Oxybelis,brevirostris,Loop Stream,17,2,2007,2,9:18:00 PM,2,67.0,25.8
Oxybelis,brevirostris,Loop Stream,23,2,2007,2,10:-6:-59 PM,2,70.1,32.9
Oxybelis,brevirostris,Loop Stream,23,2,2007,2,10:00:-59 PM,2,58.0,17.9
Oxybelis,brevirostris,Loop Stream,26,2,2007,,9:14:00 PM,2,54.0,11.9
Oxybelis,brevirostris,Loop Stream,2,3,2007,2,9:12:00 PM,2,70.1,32.6
Oxybelis,brevirostris,Loop Stream,2,3,2007,2,9:05:00 PM,2,58.0,17.4
Oxybelis,brevirostris,Loop Stream,9,3,2007,2,9:24:00 PM,1,69.8,22.4
Oxybelis,brevirostris,Loop Stream,9,3,2007,2,11:-22:-59 PM,2,60.5,14.3
Oxybelis,brevirostris,Loop Stream,8,4,2007,,9:01:00 PM,1,64.2,17.9
Oxybelis,brevirostris,Loop Stream,23,4,2007,2,9:-20:-59 PM,1,64.2,18.7
Oxybelis,brevirostris,Loop Stream,10,7,2007,,9:11:00 PM,1,67.8,20.3
Oxybelis,brevirostris,Loop Stream,10,7,2007,,9:17:00 PM,2,59.1,17.0
Oxybelis,brevirostris,Loop Stream,20,7,2007,,9:-26:-59 PM,2,59.1,16.5
Oxybelis,brevirostris,Loop Stream,30,7,2007,,9:-6:-59 PM,1,63.4,20.6
Oxybelis,brevirostris,Loop Stream,22,8,2007,,,2,59.1,15.9
Imantodes,cenchoa,Loop Stream,19,1,2007,2,10:-18:-59 PM,1,55.3,7.4
Imantodes,cenchoa,Loop Stream,29,1,2007,2,10:-12:-59 PM,2,58.5,11.1
Imantodes,cenchoa,Loop Stream,17,2,2007,2,9:24:00 PM,2,79.7,26.6
Imantodes,cenchoa,Loop Stream,23,3,2007,,10:-19:-59 PM,1,76.7,20.8
Imantodes,cenchoa,Loop Stream,2,4,2007,2,10:-26:-59 PM,2,59.3,12.3
Imantodes,cenchoa,Loop Stream,23,4,2007,2,9:15:00 PM,2,80.0,27.8
Imantodes,cenchoa,Loop Stream,4,5,2007,2,11:07:00 PM,2,59.3,12.3
Imantodes,cenchoa,Loop Stream,13,5,2007,,11:-22:-59 PM,2,74.1,25.0
Imantodes,inornatus,Loop Stream,17,1,2007,2,10:-26:-59 PM,2,63.7,16.3
Imantodes,inornatus,Loop Stream,9,3,2007,2,10:-15:-59 PM,1,63.3,17.2
Sibon,nebulatus,Loop Stream,27,3,2007,2,10:-23:-59 PM,2,32.9,8.4
Oxyrhopus,petolarius,Loop Stream,16,7,2007,,10:09:00 PM,2,28.9,7.2
Bothriechis,schlegelii,Loop Stream,13,5,2007,,10:20:00 PM,1,40.1,15.4
Bothriechis,schlegelii,Loop Stream,4,8,2007,,8:26:00 PM,2,37.0,13.1
Bothriechis,schlegelii,Loop Stream,23,3,2007,,10:-28:-59 PM,1,18.3,2.1
Dipsas,sp.,Loop Stream,19,1,2007,2,9:26:00 PM,1,38.8,8.0
Dipsas,sp.,Loop Stream,20,1,2007,2,11:-19:-59 PM,2,28.1,5.1
Dipsas,sp.,Loop Stream,17,2,2007,2,9:29:00 PM,2,19.4,1.8
Dipsas,sp.,Loop Stream,23,2,2007,2,10:-17:-59 PM,2,19.4,1.8
Dipsas,sp.,Loop Stream,2,3,2007,2,9:21:00 PM,1,35.2,5.9
Dipsas,sp.,Loop Stream,2,3,2007,2,9:27:00 PM,2,28.2,4.7
Sibon,nebulatus,Loop Stream,17,7,2008,2,9:18:00 PM,1,47.1,21.7
Dipsas,sp.,Loop Stream,3,6,2008,2,8:-8:-59 PM,2,44.6,18.0
Dipsas,sp.,Loop Stream,10,6,2008,2,10:-17:-59 PM,2,39.9,15.3
Dipsas,sp.,Loop Stream,18,6,2008,2,9:18:00 PM,1,19.9,1.3
Dipsas,sp.,Loop Stream,28,7,2008,2,10:-21:-59 PM,2,20.8,1.6
Dipsas,sp.,Loop Stream,29,7,2008,,10:-20:-59 PM,1,22.0,1.6
Sibon,argus,Loop Stream,14,7,2010,2,2038,0,43.0,16.0
Sibon,argus,Loop Stream,17,7,2010,2,2055,0,31.0,4.5
Leptodeira,septentrionalis,Loop Stream,17,7,2010,2,2245,0,,
Sibon,argus,Loop Stream,13,7,2011,2,2054,0,34.2,5.0
Sibon,argus,Loop Stream,14,7,2011,2,2100,0,38.8,5.0
Sibon,argus,Loop Stream,15,7,2011,2,2102,0,20.6,8.0
Imantodes,cenchoa,Loop Stream,13,7,2011,2,2032,0,34.2,11.0
Dipsas,sp.,Loop Stream,13,7,2011,2,2019,0,49.0,17.0
Sibon,annulatus,Loop Stream,9,6,2012,2,2227,0,26.0,3.3
Sibon,argus,Loop Stream,9,6,2012,2,2245,0,39.0,6.8
Oxybelis,brevirostris,Loop Stream,9,6,2012,2,2035,0,29.3,2.4
Imantodes,cenchoa,Loop Stream,29,6,2012,2,2011,0,,
Bothriechis,schlegelii,Loop Stream,10,6,2012,,1943,0,,
Bothriechis,schlegelii,Loop Stream,13,6,2012,2,1926,0,,
Bothriechis,schlegelii,Loop Stream,18,6,2012,1,1040,0,,
Bothriechis,schlegelii,Loop Stream,27,6,2012,2,2051,0,,
Bothriechis,schlegelii,Loop Stream,28,6,2012,2,2051,0,,
Bothriechis,schlegelii,Loop Stream,29,6,2012,2,1917,0,,
Leptodeira,septentrionalis,Loop Stream Strangler,24,7,2007,,,1,56.8,31.2
Oxybelis,brevirostris,Loop Stream up,23,7,2007,,,2,63.7,21.4
Sibon,annulatus,Loop Trail,9,7,1999,2,2100,0,,
Leptophis,depressirostris,Loop Trail,5,8,1999,,2115,0,64.0,22.5
Chironius,grandisquamis,Loop Trail,25,7,1999,,936,0,100.0,
Imantodes,cenchoa,Loop Trail,5,8,2000,2,2022,0,58.0,12.3
Imantodes,cenchoa,Loop Trail,5,8,2000,2,2235,0,72.0,13.3
Sibon,longifrenis,Loop Trail,28,5,2000,,2049,2,,
Oxybelis,brevirostris,Loop Trail,27,5,2001,,2057,0,33.0,
Oxybelis,brevirostris,Loop Trail,13,6,2001,2,2026,0,63.0,26.9
Imantodes,cenchoa,Loop Trail,3,6,2001,2,2046,0,45.0,7.8
Oxybelis,brevirostris,Loop Trail,10,6,2002,,2006,0,66.0,60.2
Oxybelis,brevirostris,Loop Trail,3,7,2002,,,0,,
Oxybelis,brevirostris,Loop Trail,12,7,2002,,2058,0,58.0,
Oxybelis,brevirostris,Loop Trail,12,7,2002,,2158,0,74.0,41.5
Oxybelis,brevirostris,Loop Trail,12,7,2002,,,0,35.0,6.5
Oxybelis,brevirostris,Loop Trail,2,8,2002,,2124,0,,
Imantodes,cenchoa,Loop Trail,26,7,2002,2,2131,0,49.0,7.5
Leptophis,depressirostris,Loop Trail,2,8,2002,,2146,0,,
Bothriechis,schlegelii,Loop Trail,5,6,2002,2,2150,0,,
Dipsas,sp.,Loop Trail,18,6,2002,2,2051,0,,
Oxybelis,brevirostris,Loop Trail,29,5,2003,,1950,0,,
Oxybelis,brevirostris,Loop Trail,16,7,2003,,2114,0,57.0,21.9
Oxybelis,brevirostris,Loop Trail,29,7,2003,,2045,0,44.0,11.8
Imantodes,cenchoa,Loop Trail,17,5,2003,,2200,0,65.0,
Imantodes,cenchoa,Loop Trail,16,7,2003,,2141,0,67.0,19.9
Dipsas,sp.,Loop Trail,4,6,2003,,2044,0,39.0,8.9
Dipsas,sp.,Loop Trail,16,7,2003,,2033,1,44.0,9.9
Dipsas,sp.,Loop Trail,24,7,2003,,2048,0,42.0,9.9
Rhadinaea,vermiculaticeps,Loop Trail,17,7,2003,,950,0,,
Rhadinaea,vermiculaticeps,Loop Trail,17,7,2003,,1000,0,9.5,
Bothrops,asper,Loop Trail,10,11,2004,,2016,0,,
Bothrops,asper,Loop Trail,17,11,2004,,2102,0,,
Bothrops,asper,Loop Trail,7,12,2004,,2132,0,,
Oxybelis,brevirostris,Loop Trail,4,11,2004,,2025,0,,
Oxybelis,brevirostris,Loop Trail,10,11,2004,,1933,0,,
Oxybelis,brevirostris,Loop Trail,10,11,2004,,1943,0,,
Oxybelis,brevirostris,Loop Trail,17,11,2004,,2023,0,,
Oxybelis,brevirostris,Loop Trail,17,11,2004,,2041,0,,
Oxybelis,brevirostris,Loop Trail,17,11,2004,,2201,0,,
Oxybelis,brevirostris,Loop Trail,7,12,2004,,2120,0,,
Oxybelis,brevirostris,Loop Trail,7,12,2004,,2147,0,,
Leptodeira,septentrionalis,Loop Trail,17,11,2004,,2032,0,,
Bothriechis,schlegelii,Loop Trail,26,9,2006,2,8:13:00 PM,2,31.6,8.4
Leptodeira,septentrionalis,Loop Trail,3,10,2006,2,11:07:00 PM,1,50.9,23.2
Sibon,annulatus,Loop Trail,5,3,2007,2,8:11:00 PM,1,37.3,5.3
Sibon,annulatus,Loop Trail,27,3,2007,2,8:07:00 PM,2,38.0,7.8
Sibon,annulatus,Loop Trail,28,4,2007,2,8:15:00 PM,1,38.0,5.4
Sibon,annulatus,Loop Trail,16,6,2007,2,10:-28:-59 PM,1,40.5,
Sibon,annulatus,Loop Trail,16,6,2007,2,10:-12:-59 PM,1,32.0,
Oxybelis,brevirostris,Loop Trail,12,3,2007,2,10:09:00 PM,1,70.3,24.1
Oxybelis,brevirostris,Loop Trail,12,3,2007,2,10:-13:-59 PM,2,62.2,20.6
Oxybelis,brevirostris,Loop Trail,27,3,2007,2,10:29:00 PM,1,70.3,25.8
Oxybelis,brevirostris,Loop Trail,28,4,2007,2,8:-13:-59 PM,2,30.4,3.3
Oxybelis,brevirostris,Loop Trail,8,5,2007,2,8:03:00 PM,2,60.0,17.9
Oxybelis,brevirostris,Loop Trail,10,7,2007,,10:09:00 PM,1,70.1,23.6
Oxybelis,brevirostris,Loop Trail,22,7,2007,,,2,70.2,32.6
Imantodes,cenchoa,Loop Trail,12,3,2007,2,9:25:00 PM,2,60.8,12.6
Imantodes,cenchoa,Loop Trail,8,4,2007,2,9:25:00 PM,2,37.8,3.2
Leptophis,nebulosus,Loop Trail,23,4,2007,2,10:-6:-59 PM,2,53.5,30.4
Dipsas,sp.,Loop Trail,12,3,2007,2,9:25:00 PM,1,39.7,8.0
Dipsas,sp.,Loop Trail,17,3,2007,2,10:-14:-59 PM,1,48.7,10.2
Dipsas,sp.,Loop Trail,27,3,2007,2,9:-24:-59 PM,2,29.6,4.5
Dipsas,sp.,Loop Trail,8,4,2007,2,10:-18:-59 PM,2,28.2,5.1
Dipsas,sp.,Loop Trail,16,4,2007,2,11:-27:-59 PM,2,29.1,3.4
Dipsas,sp.,Loop Trail,28,4,2007,2,9:-29:-59 PM,1,28.8,3.0
Dipsas,sp.,Loop Trail,28,4,2007,2,9:-13:-59 PM,1,49.1,14.9
Dipsas,sp.,Loop Trail,20,7,2007,,9:07:00 PM,1,36.4,6.9
Dipsas,sp.,Loop Trail,19,8,2007,,,1,44.1,11.9
Dipsas,sp.,Loop Trail,10,11,2007,,,1,25.2,3.1
Oxybelis,brevirostris,Loop Trail,17,9,2008,2,9:-17:-59 PM,2,67.5,28.1
Imantodes,cenchoa,Loop Trail,17,8,2008,2,9:26:00 PM,1,66.9,16.5
Dipsas,sp.,Loop Trail,3,6,2008,2,9:17:00 PM,1,27.8,3.6
Erytholamprus,sp.,Loop Trail,8,7,2008,,,2,66.9,54.6
Leptodeira,septentrionalis,Loop Trail,17,10,2009,,2011,0,,
Oxybelis,brevirostris,Loop Trail,7,8,2011,,,1,66.1,28.0
Rhinobothrium,bovallii,Loop Trail,4,7,2012,1,2111,0,,
Imantodes,cenchoa,Loop Trail,30,1,2012,2,2133,2,56.2,11.5
Imantodes,cenchoa,Loop Trail,13,2,2012,2,2137,2,60.6,12.5
Dipsas,sp.,Loop Trail,3,7,2012,,2153,0,,
Imantodes,cenchoa,Main Trail,29,12,1997,,2032,0,,
Clelia,clelia,Main Trail,31,12,1997,,1954,0,,
Sibon,argus,Main Trail,22,6,1998,,2018,0,,
Imantodes,cenchoa,Main Trail,13,1,1998,,2120,0,,
Imantodes,inornatus,Main Trail,25,6,1998,,2225,0,,
Imantodes,cenchoa,Main Trail,6,8,1999,2,1952,0,47.0,5.8
Rhadinaea,decorata,Main Trail,7,7,1999,,2125,0,,
Leptophis,depressirostris,Main Trail,7,7,1999,,2100,0,,
Leptodeira,septentrionalis,Main Trail,12,7,1999,,2029,0,,
Sibon,argus,Main Trail,31,7,2000,2,2052,0,,
Imantodes,cenchoa,Main Trail,19,5,2000,,,0,63.0,16.5
Imantodes,cenchoa,Main Trail,31,5,2000,,2140,1,,
Rhadinaea,decorata,Main Trail,18,5,2000,,,0,22.5,6.0
Leptodeira,septentrionalis,Main Trail,25,5,2000,,2110,0,43.5,18.5
Sibon,argus,Main Trail,29,5,2001,,2105,0,,
Sibon,argus,Main Trail,16,7,2001,,2116,0,27.0,
Sibon,argus,Main Trail,16,7,2001,,2123,2,38.0,8.0
Rhadinaea,decorata,Main Trail,1,6,2001,,948,0,,
Sibon,annulatus,Main Trail,30,5,2002,,2138,0,25.0,4.6
Oxybelis,brevirostris,Main Trail,30,6,2002,,2009,0,,
Oxybelis,brevirostris,Main Trail,21,7,2002,2,2027,0,36.0,
Oxybelis,brevirostris,Main Trail,5,8,2002,,2002,0,67.0,29.5
Imantodes,cenchoa,Main Trail,5,8,2002,,2022,0,71.5,15.5
Rhadinaea,decorata,Main Trail,21,6,2002,,2018,0,21.5,8.0
Nothopsis,rugosus,Main Trail,30,5,2002,,2158,0,31.0,11.0
Sibon,annulatus,Main Trail,5,6,2003,,2055,0,41.0,6.4
Sibon,annulatus,Main Trail,5,6,2003,,2210,0,45.0,8.4
Sibon,annulatus,Main Trail,5,6,2003,,2240,0,,
Sibon,argus,Main Trail,30,5,2003,,2045,2,41.0,16.2
Sibon,argus,Main Trail,8,7,2003,,2102,0,37.5,8.2
Sibon,argus,Main Trail,8,7,2003,,2112,0,,
Geophis,bellus,Main Trail,30,5,2003,,2042,0,,
Oxybelis,brevirostris,Main Trail,5,6,2003,,2013,0,61.0,30.4
Oxybelis,brevirostris,Main Trail,5,6,2003,,2025,0,51.0,14.1
Oxybelis,brevirostris,Main Trail,5,6,2003,,2125,0,64.0,38.1
Oxybelis,brevirostris,Main Trail,4,7,2003,,2139,0,,
Oxybelis,brevirostris,Main Trail,23,7,2003,,2007,0,67.0,30.4
Oxybelis,brevirostris,Main Trail,1,8,2003,,,0,40.0,
Imantodes,cenchoa,Main Trail,27,7,2003,,2055,0,57.5,12.4
Imantodes,cenchoa,Main Trail,27,7,2003,,2122,0,61.0,9.9
Imantodes,cenchoa,Main Trail,1,8,2003,,,0,74.0,17.8
Ninia,maculata,Main Trail,30,5,2003,,2027,0,30.0,12.2
Mastigodryas,melanolomus,Main Trail,3,6,2003,,1000,0,,
Bothriechis,schlegelii,Main Trail,5,6,2003,,2155,0,,
Dipsas,sp.,Main Trail,1,8,2003,,2017,0,48.0,14.8
Leptodeira,septentrionalis,Main Trail,7,11,2004,,1942,0,35.0,
Dipsas,sp.,Main Trail,27,11,2004,,2118,0,,
Sibon,annulatus,Main Trail,28,11,2006,2,7:-4:-59 PM,2,36.9,6.0
Imantodes,cenchoa,Main Trail,12,11,2006,2,9:-1:-59 PM,1,48.2,5.1
Bothriechis,schlegelii,Main Trail,3,10,2006,2,9:-29:-59 PM,2,24.9,4.9
Bothriechis,schlegelii,Main Trail,12,12,2006,2,7:10:00 PM,2,50.0,54.7
Corallus,annulatus,Main Trail,19,7,2007,,9:-25:-59 PM,1,75.8,115.5
Sibon,annulatus,Main Trail,17,2,2007,2,8:18:00 PM,1,31.0,3.7
Sibon,annulatus,Main Trail,2,4,2007,2,8:19:00 PM,1,30.4,5.6
Sibon,annulatus,Main Trail,6,5,2007,2,10:19:00 PM,2,34.6,8.8
Sibon,annulatus,Main Trail,19,8,2007,2,9:-7:-59 PM,1,29.3,2.4
Sibon,argus,Main Trail,2,6,2007,2,8:-2:-59 PM,1,31.5,
Sibon,argus,Main Trail,30,7,2007,2,8:-9:-59 PM,1,40.7,10.8
Rhinobothrium,bovallii,Main Trail,10,11,2007,,,2,104.9,105.9
Oxybelis,brevirostris,Main Trail,23,1,2007,2,,1,53.2,11.3
Oxybelis,brevirostris,Main Trail,6,2,2007,2,7:21:00 PM,1,61.7,21.3
Oxybelis,brevirostris,Main Trail,6,2,2007,2,8:-14:-59 PM,1,26.3,2.4
Oxybelis,brevirostris,Main Trail,12,3,2007,2,8:18:00 PM,2,58.1,17.8
Oxybelis,brevirostris,Main Trail,2,4,2007,2,8:-23:-59 PM,1,66.7,25.0
Oxybelis,brevirostris,Main Trail,2,4,2007,2,9:-18:-59 PM,1,27.1,2.8
Oxybelis,brevirostris,Main Trail,8,4,2007,,8:-7:-59 PM,2,62.0,19.3
Oxybelis,brevirostris,Main Trail,8,4,2007,,8:-23:-59 PM,1,66.7,25.0
Oxybelis,brevirostris,Main Trail,8,4,2007,,8:-19:-59 PM,1,68.4,27.3
Oxybelis,brevirostris,Main Trail,12,4,2007,2,8:00:00 PM,1,63.6,20.7
Oxybelis,brevirostris,Main Trail,23,4,2007,2,7:23:00 PM,1,66.7,21.7
Oxybelis,brevirostris,Main Trail,6,5,2007,2,11:-15:-59 PM,1,66.7,20.0
Oxybelis,brevirostris,Main Trail,19,7,2007,,9:-2:-59 PM,1,54.4,14.4
Oxybelis,brevirostris,Main Trail,30,7,2007,,8:05:00 PM,2,63.7,21.4
Oxybelis,brevirostris,Main Trail,12,8,2007,,11:-11:-59 PM,2,63.7,21.8
Oxybelis,brevirostris,Main Trail,13,8,2007,,9:-22:-59 PM,1,23.6,2.0
Oxybelis,brevirostris,Main Trail,27,11,2007,2,,0,,
Imantodes,cenchoa,Main Trail,1,1,2007,2,7:20:00 PM,1,62.2,13.9
Imantodes,cenchoa,Main Trail,18,1,2007,2,9:-1:-59 PM,1,75.3,15.0
Imantodes,cenchoa,Main Trail,17,2,2007,2,8:23:00 PM,1,34.5,3.1
Imantodes,cenchoa,Main Trail,17,2,2007,2,9:03:00 PM,1,72.5,15.3
Imantodes,cenchoa,Main Trail,18,2,2007,2,7:22:00 PM,1,60.3,8.8
Imantodes,cenchoa,Main Trail,8,3,2007,2,9:-10:-59 PM,1,34.8,2.7
Imantodes,cenchoa,Main Trail,17,3,2007,2,7:27:00 PM,2,61.7,12.7
Imantodes,cenchoa,Main Trail,27,3,2007,2,8:-7:-59 PM,1,73.9,16.5
Imantodes,cenchoa,Main Trail,8,4,2007,,8:29:00 PM,2,76.2,36.8
Imantodes,cenchoa,Main Trail,2,6,2007,,9:-22:-59 PM,1,74.0,14.6
Imantodes,cenchoa,Main Trail,23,7,2007,,,1,60.4,9.2
Imantodes,cenchoa,Main Trail,18,11,2007,2,,2,81.2,25.2
Chironius,grandisquamis,Main Trail,22,8,2007,,,1,94.5,205.0
Sibon,nebulatus,Main Trail,21,7,2007,2,8:-19:-59 PM,1,45.1,17.8
Sibon,nebulatus,Main Trail,15,8,2007,2,10:22:00 PM,2,,
Nothopsis,rugosus,Main Trail,23,1,2007,2,,2,31.3,9.4
Bothriechis,schlegelii,Main Trail,10,5,2007,,,0,,
Bothriechis,schlegelii,Main Trail,9,7,2007,,7:21:00 PM,2,40.3,16.3
Bothriechis,schlegelii,Main Trail,18,2,2007,2,8:-18:-59 PM,2,24.7,5.5
Bothriechis,schlegelii,Main Trail,23,3,2007,,9:-22:-59 PM,1,29.8,8.7
Bothriechis,schlegelii,Main Trail,7,4,2007,2,8:-7:-59 PM,1,29.8,8.7
Bothriechis,schlegelii,Main Trail,8,4,2007,,8:00:00 PM,1,29.8,8.7
Bothriechis,schlegelii,Main Trail,12,4,2007,2,8:27:00 PM,1,29.8,8.7
Bothriechis,schlegelii,Main Trail,30,4,2007,1,11:16:00 AM,1,29.8,8.7
Bothriechis,schlegelii,Main Trail,4,5,2007,2,8:-24:-59 PM,1,29.8,8.7
Bothriechis,schlegelii,Main Trail,4,5,2007,2,8:21:00 PM,2,17.8,3.5
Bothriechis,schlegelii,Main Trail,6,5,2007,2,10:28:00 PM,1,29.8,8.7
Bothriechis,schlegelii,Main Trail,27,11,2007,2,,0,,
Leptodeira,septentrionalis,Main Trail,17,3,2007,2,8:-24:-59 PM,2,45.8,21.3
Leptodeira,septentrionalis,Main Trail,8,4,2007,,9:-9:-59 PM,1,49.8,22.9
Leptodeira,septentrionalis,Main Trail,19,7,2007,,9:05:00 PM,2,45.6,23.5
Leptodeira,septentrionalis,Main Trail,12,8,2007,,11:-22:-59 PM,1,50.0,22.0
Dipsas,sp.,Main Trail,6,1,2007,2,10:-4:-59 PM,1,48.0,13.2
Dipsas,sp.,Main Trail,6,4,2007,2,8:14:00 PM,1,41.8,10.1
Dipsas,sp.,Main Trail,7,4,2007,2,8:06:00 PM,2,21.4,2.3
Dipsas,sp.,Main Trail,12,7,2007,,9:-8:-59 PM,1,43.2,10.4
Dipsas,sp.,Main Trail,19,7,2007,,10:-27:-59 PM,1,48.7,14.5
Dipsas,sp.,Main Trail,19,7,2007,,9:-5:-59 PM,1,45.1,12.0
Dipsas,sp.,Main Trail,19,7,2007,,8:24:00 PM,1,40.3,9.3
Dipsas,sp.,Main Trail,24,7,2007,,,2,43.2,17.7
Dipsas,sp.,Main Trail,30,7,2007,,8:24:00 PM,1,41.0,9.4
Dipsas,sp.,Main Trail,4,8,2007,,8:-21:-59 PM,1,32.2,4.1
Dipsas,sp.,Main Trail,18,8,2007,,8:-3:-59 PM,1,30.7,4.0
Dipsas,sp.,Main Trail,18,8,2007,,9:-19:-59 PM,2,21.1,2.2
Dipsas,sp.,Main Trail,19,8,2007,,,2,44.0,15.9
Dipsas,sp.,Main Trail,10,11,2007,,,1,34.0,5.2
Lachesis,stenophrys,Main Trail,16,4,2007,2,9:-21:-59 PM,0,,
Sibon,annulatus,Main Trail,29,5,2008,2,,2,37.7,5.1
Sibon,annulatus,Main Trail,20,6,2008,2,8:29:00 PM,2,35.3,5.7
Sibon,annulatus,Main Trail,28,6,2008,2,8:-11:-59 PM,0,,
Sibon,annulatus,Main Trail,17,8,2008,2,8:15:00 PM,2,23.2,1.7
Sibon,annulatus,Main Trail,23,8,2008,2,8:20:00 PM,2,23.2,1.7
Oxybelis,brevirostris,Main Trail,27,5,2008,2,,0,,
Oxybelis,brevirostris,Main Trail,28,6,2008,2,8:05:00 PM,2,75.2,32.2
Oxybelis,brevirostris,Main Trail,17,8,2008,2,9:-17:-59 PM,2,68.7,31.9
Oxybelis,brevirostris,Main Trail,23,8,2008,2,8:07:00 PM,2,75.2,31.8
Imantodes,cenchoa,Main Trail,16,8,2008,2,10:09:00 PM,1,68.4,12.4
Imantodes,cenchoa,Main Trail,17,8,2008,2,8:-6:-59 PM,2,82.6,43.9
Imantodes,cenchoa,Main Trail,4,9,2008,2,9:09:00 PM,2,67.3,16.6
Imantodes,cenchoa,Main Trail,9,9,2008,2,7:23:00 PM,1,70.1,13.9
Sibon,nebulatus,Main Trail,29,9,2008,2,9:-11:-59 PM,0,,
Dipsas,sp.,Main Trail,21,5,2008,2,8:18:00 PM,1,44.1,12.5
Dipsas,sp.,Main Trail,18,6,2008,2,8:27:00 PM,1,35.4,6.5
Dipsas,sp.,Main Trail,20,6,2008,2,8:18:00 PM,1,32.9,5.9
Dipsas,sp.,Main Trail,28,6,2008,2,9:-29:-59 PM,2,40.1,10.3
Dipsas,sp.,Main Trail,5,8,2008,2,,1,32.3,4.7
Dipsas,sp.,Main Trail,5,8,2008,2,,2,39.9,12.9
Dipsas,sp.,Main Trail,5,8,2008,2,,2,18.7,1.5
Dipsas,sp.,Main Trail,4,9,2008,2,8:23:00 PM,2,39.9,11.9
Dipsas,sp.,Main Trail,29,9,2008,2,8:12:00 PM,2,21.9,2.1
Micrurus,stewarti,Main Trail,28,7,2008,2,8:10:00 PM,0,,
Rhinobothrium,bovallii,Main Trail,22,12,2009,,,2,60.0,28.4
Imantodes,cenchoa,Main Trail,22,12,2009,,,0,,
Mastigodryas,melanolomus,Main Trail,14,10,2009,,303,0,,
Dipsas,sp.,Main Trail,20,2,2010,,,1,68.6,27.0
Sibon,annulatus,Main Trail,8,5,2011,2,1850,1,37.2,6.0
Sibon,annulatus,Main Trail,14,7,2011,2,2311,0,32.6,4.0
Oxybelis,brevirostris,Main Trail,23,4,2011,2,2039,1,49.1,9.0
Oxybelis,brevirostris,Main Trail,3,5,2011,2,1930,2,48.0,10.0
Dipsas,sp.,Main Trail,23,4,2011,2,2015,2,33.3,7.5
Dipsas,sp.,Main Trail,3,5,2011,2,2044,1,10.4,2.0
Dipsas,sp.,Main Trail,8,5,2011,2,1853,2,19.2,1.2
Dipsas,sp.,Main Trail,10,5,2011,2,2100,1,19.3,1.5
Dipsas,sp.,Main Trail,10,5,2011,2,2111,1,25.1,3.0
Dipsas,sp.,Main Trail,10,5,2011,2,2041,2,32.2,6.5
Dipsas,sp.,Main Trail,10,5,2011,2,2132,2,40.0,12.0
Sibon,argus,Main Trail,30,1,2012,2,1948,1,39.8,14.5
Oxybelis,brevirostris,Main Trail,11,1,2012,,,1,84.2,23.5
Oxybelis,brevirostris,Main Trail,13,1,2012,2,2110,2,27.0,4.5
Oxybelis,brevirostris,Main Trail,17,1,2012,2,2021,1,26.8,4.3
Oxybelis,brevirostris,Main Trail,17,1,2012,2,2104,2,25.4,4.1
Oxybelis,brevirostris,Main Trail,30,1,2012,2,1955,2,55.8,19.0
Imantodes,cenchoa,Main Trail,13,1,2012,2,2100,2,79.1,27.5
Imantodes,cenchoa,Main Trail,16,6,2012,2,1920,0,,
Sibon,nebulatus,Main Trail,17,1,2012,2,2125,1,31.1,9.5
Bothriechis,schlegelii,Main Trail,11,1,2012,,,2,19.5,
Bothriechis,schlegelii,Main Trail,16,6,2012,2,1100,0,,
Bothriechis,schlegelii,Main Trail,16,6,2012,2,1952,0,,
Leptodeira,septentrionalis,Main Trail,5,2,2012,2,1927,2,52.8,31.5
Dipsas,sp.,Main Trail,13,1,2012,2,2008,2,20.7,3.6
Dipsas,sp.,Main Trail,17,1,2012,2,2047,2,43.6,20.0
Dipsas,sp.,Main Trail,27,2,2012,2,,1,46.5,13.5
Dipsas,sp.,Main Trail,6,3,2012,2,,0,,
Dipsas,sp.,Main Trail,14,6,2012,2,2227,0,,
Dipsas,sp.,Main Trail,22,7,2012,2,2116,0,,1.3
Imantodes,cenchoa,MainTrail,14,7,2012,,2258,0,64.3,16.0
Sibon,argus,Mason's Trib,12,9,2006,2,8:-14:-59 PM,2,26.1,3.6
Geophis,brachycephalus,Mason's Trib,18,5,2007,,11:25:00 PM,2,11.3,0.8
Oxybelis,brevirostris,Mason's Trib,18,5,2007,,11:15:00 PM,1,43.1,7.0
Hydromorphis,concolor,Mason's Trib,10,1,2007,,10:18:00 PM,0,,
Imantodes,inornatus,Mason's Trib,10,1,2007,,9:-6:-59 PM,2,61.5,18.1
Sibon,nebulatus,Mason's Trib,26,2,2007,2,10:14:00 PM,2,60.5,45.2
Dipsas,sp.,Mason's Trib,18,5,2007,,11:19:00 PM,2,38.4,10.4
Dipsas,sp.,Mason's Trib,29,7,2007,,9:-18:-59 PM,1,48.6,13.5
Oxybelis,brevirostris,Mason's Trib,19,7,2008,,11:-15:-59 PM,2,72.1,28.2
Sibon,argus,Pond,29,10,2006,,9:-17:-59 PM,2,42.6,15.0
Sibon,argus,Pond,29,10,2006,,9:-11:-59 PM,2,46.9,12.2
Sibon,argus,Pond,29,11,2006,,8:16:00 PM,1,42.1,10.3
Imantodes,inornatus,Pond,16,9,2006,,11:04:00 PM,2,56.9,16.5
Imantodes,inornatus,Pond,3,10,2006,,9:25:00 PM,2,56.9,16.4
Sibon,annulatus,Pond,5,6,2007,,,1,28.5,
Sibon,annulatus,Pond,20,7,2007,,,1,34.4,4.1
Sibon,argus,Pond,12,1,2007,,9:11:00 PM,2,45.0,13.6
Sibon,argus,Pond,18,5,2007,,11:-29:-59 PM,2,40.5,15.0
Sibon,argus,Pond,18,5,2007,,11:-9:-59 PM,2,43.5,15.7
Sibon,argus,Pond,18,5,2007,,11:-9:-59 PM,2,46.7,19.1
Sibon,argus,Pond,18,5,2007,,11:-29:-59 PM,2,25.9,3.5
Sibon,argus,Pond,5,6,2007,,10:-7:-59 PM,2,40.0,
Sibon,argus,Pond,7,7,2007,,10:17:00 PM,2,26.0,3.7
Sibon,argus,Pond,7,7,2007,,10:17:00 PM,2,42.9,18.1
Sibon,argus,Pond,7,7,2007,,11:-29:-59 PM,1,44.8,13.3
Sibon,argus,Pond,22,7,2007,,,2,42.6,17.8
Sibon,argus,Pond,22,7,2007,,,2,41.3,15.6
Sibon,argus,Pond,22,7,2007,,,2,46.9,19.7
Sibon,argus,Pond,25,7,2007,,,2,40.4,16.3
Sibon,argus,Pond,25,7,2007,,,1,43.3,10.1
Sibon,argus,Pond,29,7,2007,,9:08:00 PM,2,46.9,19.6
Imantodes,inornatus,Pond,12,1,2007,,9:05:00 PM,2,61.4,19.1
Imantodes,inornatus,Pond,12,1,2007,,9:18:00 PM,1,57.3,14.9
Imantodes,inornatus,Pond,7,7,2007,,10:20:00 PM,2,59.6,20.9
Imantodes,inornatus,Pond,29,7,2007,,9:-5:-59 PM,2,59.9,19.0
Leptophis,nebulosus,Pond,18,5,2007,,11:-29:-59 PM,2,49.8,19.5
Leptophis,nebulosus,Pond,5,6,2007,,10:-24:-59 PM,2,49.8,19.5
Leptodeira,septentrionalis,Pond,18,5,2007,,10:05:00 PM,2,61.6,55.0
Leptodeira,septentrionalis,Pond,5,6,2007,,9:29:00 PM,2,65.0,55.0
Leptodeira,septentrionalis,Pond,7,7,2007,,10:07:00 PM,2,60.3,40.6
Leptodeira,septentrionalis,Pond,9,7,2007,,9:-10:-59 PM,1,48.7,29.2
Leptodeira,septentrionalis,Pond,16,7,2007,,9:06:00 PM,2,60.3,37.8
Leptodeira,septentrionalis,Pond,29,7,2007,,9:03:00 PM,2,43.8,19.4
Leptodeira,septentrionalis,Pond,14,8,2007,,9:-15:-59 PM,2,60.3,37.8
Leptodeira,septentrionalis,Pond,14,8,2007,,9:-1:-59 PM,1,48.7,29.2
Sibon,argus,Pond,25,6,2008,,10:-15:-59 PM,0,,
Sibon,argus,Pond,25,8,2008,,8:06:00 PM,2,38.2,12.3
Leptodeira,septentrionalis,Pond,25,6,2008,,10:-22:-59 PM,1,56.1,24.3
Leptodeira,septentrionalis,Pond,25,6,2008,,10:-15:-59 PM,2,50.6,27.4
Rhadinaea,decorata,Qbda JaJa,29,7,2000,,1058,0,23.0,8.6
Rhadinaea,decorata,Qbda JaJa,29,7,2000,,1200,0,23.5,8.6
Rhadinaea,decorata,Qbda JaJa,10,8,2000,,1205,0,,
Leptophis,depressirostris,Qbda JaJa,24,7,2000,,1036,0,38.0,6.1
Leptophis,depressirostris,Qbda JaJa,30,7,2000,,2125,0,30.5,4.9
Bothrops,asper,Rio Blanco forest,11,1,2007,,7:27:00 PM,0,,
Oxybelis,brevirostris,Rio Colorado,25,7,2002,,,0,,
Imantodes,cenchoa,Rio Colorado,25,7,2002,,,0,,
Rhadinaea,decorata,Rio Colorado,6,6,2002,,946,0,24.5,8.7
Rhadinaea,decorata,Rio Colorado,25,7,2002,,1031,0,26.0,11.5
Sibon,annulatus,Road to OTNP,23,7,1999,,1949,0,43.0,22.3
Oxyrhopus,petolarius,Road to OTNP,7,12,2006,,7:05:00 PM,2,61.6,69.3
Oxybelis,brevirostris,Road to OTNP,13,5,2007,,0:-29:-59 PM,1,67.5,26.3
Oxybelis,brevirostris,Road to OTNP,13,5,2007,,11:07:00 PM,2,64.3,30.4
Oxybelis,brevirostris,Road to OTNP,13,5,2007,,11:10:00 PM,2,68.4,37.0
Oxybelis,brevirostris,Road to OTNP,18,5,2007,,12:00:00 AM,2,64.3,30.4
Oxybelis,brevirostris,Road to OTNP,25,5,2007,,0:-26:-59 PM,1,64.0,22.9
Oxybelis,brevirostris,Road to OTNP,25,5,2007,,0:-14:-59 PM,2,56.5,15.0
Oxybelis,brevirostris,Road to OTNP,2,6,2007,,7:12:00 PM,0,66.0,
Oxybelis,brevirostris,Road to OTNP,5,6,2007,,11:13:00 PM,1,66.0,25.5
Oxybelis,brevirostris,Road to OTNP,16,6,2007,,11:-8:-59 PM,1,66.0,25.5
Oxybelis,brevirostris,Road to OTNP,16,6,2007,,11:-26:-59 PM,2,52.0,
Oxybelis,brevirostris,Road to OTNP,16,6,2007,,11:-12:-59 PM,1,68.0,
Oxybelis,brevirostris,Road to OTNP,23,7,2007,,,2,67.1,23.6
Oxybelis,brevirostris,Road to OTNP,13,8,2007,,,2,63.6,22.4
Oxybelis,brevirostris,Road to OTNP,,,2007,,,2,69.0,36.0
Ninia,maculata,Road to OTNP,7,8,2007,,12:00:00 PM,0,,
Pseutes,poecilonotus,Road to OTNP,25,5,2007,,,2,42.4,22.2
Pseutes,poecilonotus,Road to OTNP,16,6,2007,,2:-25:-59 PM,1,136.0,
Leptodeira,septentrionalis,Road to OTNP,25,5,2007,,11:13:00 PM,2,55.7,35.0
Oxybelis,brevirostris,Road to OTNP,8,7,2008,,,2,56.9,18.7
Oxybelis,brevirostris,Road to OTNP,8,7,2008,,,2,72.2,41.5
Oxybelis,brevirostris,Road to OTNP,28,9,2008,,,0,,
Oxybelis,brevirostris,Road to OTNP,28,9,2008,,,2,59.2,20.1
Chironius,exoletus,Road to OTNP,12,6,2008,,,2,93.6,102.3
Sibon,nebulatus,Road to OTNP,10,6,2008,,11:07:00 PM,1,44.1,17.9
Leptodeira,septentrionalis,Road to OTNP,5,8,2008,,,2,48.5,23.8
Leptodeira,septentrionalis,Road to OTNP,20,8,2008,,10:-8:-59 PM,2,52.1,26.0
Clelia,equitoriana,Road to OTNP,22,12,2009,,,0,,
Sibon,annulatus,Rocky Road,13,9,2006,,8:-10:-59 PM,2,25.2,2.6
Sibon,annulatus,Rocky Road,25,9,2006,,7:17:00 PM,2,26.6,2.2
Sibon,annulatus,Rocky Road,8,10,2006,,9:03:00 PM,2,26.6,2.6
Sibon,annulatus,Rocky Road,7,11,2006,,8:-13:-59 PM,2,37.9,7.1
Sibon,argus,Rocky Road,25,9,2006,,8:-19:-59 PM,2,31.4,5.3
Oxybelis,brevirostris,Rocky Road,25,9,2006,,7:14:00 PM,1,67.8,22.4
Oxybelis,brevirostris,Rocky Road,28,9,2006,,8:-25:-59 PM,2,67.5,27.8
Oxybelis,brevirostris,Rocky Road,2,10,2006,,7:25:00 PM,2,58.0,19.3
Oxybelis,brevirostris,Rocky Road,2,10,2006,,8:-27:-59 PM,1,70.0,33.9
Oxybelis,brevirostris,Rocky Road,17,10,2006,,8:-6:-59 PM,1,51.9,13.1
Oxybelis,brevirostris,Rocky Road,17,10,2006,,9:-26:-59 PM,1,51.9,11.3
Oxybelis,brevirostris,Rocky Road,31,10,2006,,8:-19:-59 PM,1,66.8,23.4
Imantodes,cenchoa,Rocky Road,31,10,2006,,8:-3:-59 PM,2,57.4,8.9
Imantodes,cenchoa,Rocky Road,13,11,2006,,7:01:00 PM,2,32.6,3.3
Sibon,nebulatus,Rocky Road,30,12,2006,,8:15:00 PM,1,30.4,9.4
Bothriechis,schlegelii,Rocky Road,31,10,2006,,8:08:00 PM,1,25.9,5.7
Dipsas,sp.,Rocky Road,11,11,2006,,8:-28:-59 PM,2,62.1,50.2
Dipsas,sp.,Rocky Road,13,9,2006,,8:-15:-59 PM,2,41.7,17.5
Dipsas,sp.,Rocky Road,16,9,2006,,8:11:00 PM,2,19.0,1.6
Dipsas,sp.,Rocky Road,16,9,2006,,8:-20:-59 PM,2,33.6,6.1
Dipsas,sp.,Rocky Road,16,9,2006,,8:-22:-59 PM,1,45.2,12.3
Dipsas,sp.,Rocky Road,28,9,2006,,8:-9:-59 PM,2,19.0,1.6
Dipsas,sp.,Rocky Road,29,9,2006,,9:-9:-59 PM,2,47.6,14.6
Dipsas,sp.,Rocky Road,30,9,2006,,8:-22:-59 PM,1,23.8,2.7
Dipsas,sp.,Rocky Road,30,9,2006,,8:-5:-59 PM,2,42.2,16.0
Dipsas,sp.,Rocky Road,7,10,2006,,,2,41.7,15.1
Dipsas,sp.,Rocky Road,17,10,2006,,8:-14:-59 PM,2,42.1,14.9
Dipsas,sp.,Rocky Road,24,10,2006,,7:24:00 PM,2,,
Dipsas,sp.,Rocky Road,6,12,2006,,7:27:00 PM,2,35.4,8.1
Dipsas,sp.,Rocky Road,11,12,2006,,10:-18:-59 PM,2,39.5,16.7
Dipsas,sp.,Rocky Road,30,12,2006,,8:-9:-59 PM,2,37.7,15.4
Sibon,annulatus,Rocky Road,23,1,2007,,7:27:00 PM,2,38.5,7.0
Sibon,annulatus,Rocky Road,28,1,2007,,8:-23:-59 PM,2,38.5,7.0
Sibon,annulatus,Rocky Road,9,6,2007,,8:08:00 PM,1,33.0,
Sibon,argus,Rocky Road,15,3,2007,,9:-3:-59 PM,1,24.9,6.1
Oxybelis,brevirostris,Rocky Road,4,1,2007,,8:11:00 PM,2,59.5,20.2
Oxybelis,brevirostris,Rocky Road,1,2,2007,,9:-20:-59 PM,2,65.3,24.9
Oxybelis,brevirostris,Rocky Road,27,2,2007,,9:27:00 PM,2,64.3,20.1
Oxybelis,brevirostris,Rocky Road,6,5,2007,,8:-28:-59 PM,2,65.8,19.6
Oxybelis,brevirostris,Rocky Road,9,6,2007,,8:22:00 PM,2,68.5,
Oxybelis,brevirostris,Rocky Road,13,7,2007,,8:27:00 PM,2,54.9,13.9
Oxybelis,brevirostris,Rocky Road,26,7,2007,,9:-29:-59 PM,1,62.6,21.9
Oxybelis,brevirostris,Rocky Road,12,8,2007,,8:-20:-59 PM,1,66.3,24.5
Oxybelis,brevirostris,Rocky Road,16,8,2007,,8:01:00 PM,1,66.8,24.6
Oxybelis,brevirostris,Rocky Road,16,8,2007,,8:-7:-59 PM,2,69.9,33.5
Imantodes,cenchoa,Rocky Road,10,1,2007,,8:-6:-59 PM,2,34.6,3.2
Imantodes,cenchoa,Rocky Road,15,3,2007,,11:-10:-59 PM,2,75.0,23.8
Imantodes,cenchoa,Rocky Road,9,7,2007,,10:28:00 PM,2,55.3,8.9
Imantodes,cenchoa,Rocky Road,12,8,2007,,8:-16:-59 PM,1,64.6,11.0
Imantodes,cenchoa,Rocky Road,15,8,2007,,8:08:00 PM,1,64.6,11.0
Chironius,exoletus,Rocky Road,9,6,2007,,7:11:00 PM,2,28.0,
Sibon,nebulatus,Rocky Road,22,1,2007,,8:-28:-59 PM,1,56.2,31.8
Sibon,nebulatus,Rocky Road,12,4,2007,,10:-9:-59 PM,2,40.5,14.2
Bothriechis,schlegelii,Rocky Road,6,8,2007,,10:-7:-59 PM,2,22.0,4.2
Leptodeira,septentrionalis,Rocky Road,16,1,2007,,7:02:00 PM,1,51.2,24.8
Dipsas,sp.,Rocky Road,16,1,2007,,7:-7:-59 PM,1,46.3,14.3
Dipsas,sp.,Rocky Road,28,1,2007,,8:-20:-59 PM,1,27.3,3.8
Dipsas,sp.,Rocky Road,9,3,2007,,8:-16:-59 PM,1,48.6,15.3
Dipsas,sp.,Rocky Road,11,3,2007,,8:-21:-59 PM,1,47.2,14.9
Dipsas,sp.,Rocky Road,11,3,2007,,8:-17:-59 PM,2,18.5,1.8
Dipsas,sp.,Rocky Road,15,3,2007,,11:09:00 PM,2,38.6,13.6
Dipsas,sp.,Rocky Road,12,4,2007,,10:-23:-59 PM,1,49.0,15.1
Dipsas,sp.,Rocky Road,12,4,2007,,10:-20:-59 PM,1,41.6,10.4
Dipsas,sp.,Rocky Road,12,4,2007,,10:-21:-59 PM,2,39.7,15.2
Dipsas,sp.,Rocky Road,9,7,2007,,10:26:00 PM,1,40.5,13.1
Dipsas,sp.,Rocky Road,9,7,2007,,11:-21:-59 PM,2,42.7,16.6
Dipsas,sp.,Rocky Road,12,7,2007,,11:-13:-59 PM,1,49.1,15.4
Dipsas,sp.,Rocky Road,19,7,2007,,10:00:00 PM,2,43.9,15.7
Dipsas,sp.,Rocky Road,21,7,2007,,10:-6:-59 PM,2,43.0,18.6
Dipsas,sp.,Rocky Road,23,7,2007,,,1,44.6,12.7
Dipsas,sp.,Rocky Road,26,7,2007,,8:-8:-59 PM,1,48.1,13.9
Dipsas,sp.,Rocky Road,26,7,2007,,10:11:00 PM,2,43.9,16.0
Dipsas,sp.,Rocky Road,4,8,2007,,10:17:00 PM,2,16.3,1.1
Dipsas,sp.,Rocky Road,11,11,2007,,,1,50.3,14.0
Dipsas,sp.,Rocky Road,11,11,2007,,,2,46.5,11.8
Dipsas,sp.,Rocky Road,18,11,2007,,,2,39.8,13.9
Oxybelis,brevirostris,Rocky Road,1,8,2008,,10:14:00 PM,2,70.4,30.7
Oxybelis,brevirostris,Rocky Road,26,8,2008,,8:-17:-59 PM,2,70.4,31.7
Oxybelis,brevirostris,Rocky Road,6,9,2008,,10:00:00 PM,2,70.4,30.7
Leptodeira,septentrionalis,Rocky Road,4,9,2008,,0:20:00 PM,2,53.6,29.5
Dipsas,sp.,Rocky Road,3,6,2008,,10:-5:-59 PM,2,39.6,12.3
Dipsas,sp.,Rocky Road,8,6,2008,,10:21:00 PM,1,41.4,10.1
Dipsas,sp.,Rocky Road,1,8,2008,,10:02:00 PM,2,44.6,18.4
Dipsas,sp.,Rocky Road,22,8,2008,,7:13:00 PM,2,44.6,17.4
Dipsas,sp.,Rocky Road,26,8,2008,,8:-4:-59 PM,2,40.3,11.2
Dipsas,sp.,Rocky Road,6,9,2008,,10:01:00 PM,0,,11.0
Dipsas,sp.,Rocky Road,21,9,2008,,10:-19:-59 PM,0,,
Dipsas,sp.,Rocky Road,29,9,2008,,10:-13:-59 PM,1,51.2,17.3
Dipsas,sp.,Rocky Road,29,9,2008,,10:-13:-59 PM,2,44.6,17.4
Dipsas,sp.,Rocky Road,29,9,2008,,10:-6:-59 PM,2,43.1,17.3
Oxybelis,brevirostris,Rocky Road,22,12,2009,,,0,,
Dipsas,sp.,Rocky Road,20,2,2010,,,1,36.2,8.0
Sibon,annulatus,Rocky Road,18,4,2011,,2225,2,23.0,3.5
Sibon,argus,Rocky Road,7,8,2011,,,2,36.6,7.0
Imantodes,cenchoa,Rocky Road,29,7,2011,,,0,,
Dipsas,sp.,Rocky Road,18,4,2011,,2159,2,42.2,18.5
Dipsas,sp.,Rocky Road,18,4,2011,,2212,2,40.9,18.5
Dipsas,sp.,Rocky Road,18,4,2011,,2220,1,19.3,1.5
Dipsas,sp.,Rocky Road,18,4,2011,,2159,2,41.2,9.5
Dipsas,sp.,Rocky Road,23,4,2011,,1936,1,18.2,1.5
Dipsas,sp.,Rocky Road,29,7,2011,,,0,,
Dipsas,sp.,Rocky Road,29,7,2011,,,0,,
Imantodes,cenchoa,Rocky Road,17,1,2012,,2155,2,95.1,49.5
Imantodes,cenchoa,Rocky Road,30,1,2012,,1925,1,74.7,15.0
Imantodes,cenchoa,Rocky Road,28,2,2012,,,2,95.2,50.0
Bothriechis,schlegelii,Rocky Road,17,1,2012,,2231,0,,
Dipsas,sp.,Rocky Road,11,1,2012,,,1,19.5,3.5
Dipsas,sp.,Rocky Road,13,1,2012,,1907,2,36.2,11.0
Dipsas,sp.,Rocky Road,27,2,2012,,,1,24.7,3.5
Dipsas,sp.,Rocky Road,28,2,2012,,,1,47.1,13.0
Dipsas,sp.,Rocky Road,6,3,2012,,,0,,
Oxybelis,brevirostris,Rocky Road past Cascada,15,3,2007,,10:-18:-59 PM,2,29.4,3.0
Rhadinaea,decorata,Seep Stream,21,5,2000,,,0,23.0,7.0
Sibon,annulatus,Sen Abe,18,11,2007,,,1,40.3,6.8
Oxybelis,brevirostris,Sen Abe,3,4,2007,,8:26:00 PM,2,68.1,23.7
Imantodes,cenchoa,Sen Abe,20,7,2007,,8:13:00 PM,2,43.0,4.2
Dipsas,sp.,Sen Abe,2,6,2008,,,1,50.6,14.7
Dipsas,sp.,Sen Abe,20,6,2011,,,0,,
Dipsas,sp.,Sen Abe,17,1,2012,,2150,1,50.2,14.5
Oxybelis,brevirostris,Shortcut,19,8,2007,,10:-28:-59 PM,1,58.2,17.0
Dipsas,sp.,Shortcut,5,2,2007,,10:-28:-59 PM,1,44.6,11.1
Dipsas,sp.,Shortcut,5,2,2007,,10:-27:-59 PM,1,49.2,14.4
Dipsas,sp.,Shortcut,20,2,2010,,,2,46.1,20.3
Sibon,annulatus,Silenciosa,27,7,2000,,2121,0,22.0,
Sibon,argus,Silenciosa,20,5,2000,,2001,0,25.5,2.2
Sibon,argus,Silenciosa,2,6,2000,,2010,0,25.0,
Sibon,argus,Silenciosa,27,7,2000,,2028,0,,
Bothrops,asper,Silenciosa,27,7,2000,,2150,0,,
Imantodes,cenchoa,Silenciosa,27,5,2000,,2115,0,70.0,14.3
Pliocercus,euryzona,Silenciosa,2,6,2000,,2037,0,,
Pliocercus,euryzona,Silenciosa,27,7,2000,,2100,0,,
Pliocercus,euryzona,Silenciosa,2,8,2000,,2150,0,,
Sibon,annulatus,Silenciosa,24,6,2001,,2041,1,30.5,4.7
Sibon,annulatus,Silenciosa,17,7,2001,,2023,0,25.5,
Sibon,argus,Silenciosa,21,5,2001,,2100,0,43.0,14.0
Sibon,argus,Silenciosa,30,5,2001,,2104,0,23.0,
Sibon,argus,Silenciosa,30,5,2001,,2110,0,45.0,
Sibon,argus,Silenciosa,30,5,2001,,2221,0,25.0,
Sibon,argus,Silenciosa,9,6,2001,,2037,0,23.0,
Sibon,argus,Silenciosa,9,6,2001,,2119,0,,
Sibon,argus,Silenciosa,14,6,2001,,2056,0,,
Sibon,argus,Silenciosa,14,6,2001,,2107,0,,
Sibon,argus,Silenciosa,24,6,2001,,2016,0,43.5,9.4
Sibon,argus,Silenciosa,24,6,2001,,2100,2,24.0,
Sibon,argus,Silenciosa,3,7,2001,,2040,0,,
Sibon,argus,Silenciosa,3,7,2001,,2118,0,,
Sibon,argus,Silenciosa,3,7,2001,,2125,0,,
Sibon,argus,Silenciosa,11,7,2001,,2100,0,24.1,
Sibon,argus,Silenciosa,17,7,2001,,2113,0,48.0,17.5
Imantodes,cenchoa,Silenciosa,30,5,2001,,2211,0,72.0,26.3
Leptodeira,septentrionalis,Silenciosa,3,7,2001,,2050,0,16.0,
Sibon,argus,Silenciosa,31,5,2002,,2040,0,,
Sibon,argus,Silenciosa,31,5,2002,,2120,0,29.0,6.2
Sibon,argus,Silenciosa,31,5,2002,,2157,0,35.0,7.7
Sibon,argus,Silenciosa,13,7,2002,,2155,1,38.0,8.0
Sibon,argus,Silenciosa,28,7,2002,,2038,0,34.0,6.4
Sibon,argus,Silenciosa,28,7,2002,,2105,0,32.0,8.5
Sibon,argus,Silenciosa,28,7,2002,,2110,0,,
Sibon,argus,Silenciosa,7,8,2002,,2021,0,25.0,5.4
Oxybelis,brevirostris,Silenciosa,31,5,2002,,2047,0,36.0,4.6
Oxybelis,brevirostris,Silenciosa,13,7,2002,,2214,1,39.5,6.9
Imantodes,cenchoa,Silenciosa,16,6,2002,,2025,0,78.0,26.5
Rhadinaea,decorata,Silenciosa,15,6,2002,,1000,0,25.5,9.5
Rhadinaea,decorata,Silenciosa,29,6,2002,,1120,0,24.0,6.7
Leptodeira,septentrionalis,Silenciosa,31,5,2002,,2115,0,37.0,13.2
Leptodeira,septentrionalis,Silenciosa,28,7,2002,,2050,0,19.0,5.4
Sibon,argus,Silenciosa,22,5,2003,,2004,0,21.0,2.5
Sibon,argus,Silenciosa,22,5,2003,,2114,0,27.0,5.6
Sibon,argus,Silenciosa,28,5,2003,,2037,0,17.0,
Sibon,argus,Silenciosa,28,5,2003,,2050,0,,
Sibon,argus,Silenciosa,1,6,2003,,2101,0,28.5,4.8
Sibon,argus,Silenciosa,12,6,2003,2,2130,0,40.0,14.3
Sibon,argus,Silenciosa,18,7,2003,,1955,0,33.5,6.9
Sibon,argus,Silenciosa,18,7,2003,,2000,1,36.0,8.4
Sibon,argus,Silenciosa,21,10,2003,,2022,0,,
Oxybelis,brevirostris,Silenciosa,1,6,2003,,2020,0,33.0,5.3
Chironius,grandisquamis,Silenciosa,2,8,2003,,2021,0,,
Micrurus,multifasciatus,Silenciosa,22,5,2003,,2125,0,,
Leptodeira,septentrionalis,Silenciosa,5,12,2003,,2257,0,,
Sibon,argus,Silenciosa,16,1,2004,,2235,0,30.0,
Sibon,argus,Silenciosa,22,4,2004,,2135,0,,
Sibon,argus,Silenciosa,16,5,2004,2,2050,0,28.5,
Sibon,argus,Silenciosa,8,6,2004,2,2257,2,35.0,9.6
Sibon,argus,Silenciosa,24,9,2004,,2052,0,46.5,16.5
Sibon,argus,Silenciosa,24,9,2004,,2304,0,39.9,
Sibon,argus,Silenciosa,26,10,2004,,2039,0,43.5,
Sibon,argus,Silenciosa,3,11,2004,,2118,2,36.5,9.6
Sibon,argus,Silenciosa,14,11,2004,,2055,2,35.0,9.6
Sibon,argus,Silenciosa,10,12,2004,,,0,,
Sibon,argus,Silenciosa,10,12,2004,,,0,,
Oxybelis,brevirostris,Silenciosa,2,7,2004,,2100,0,,
Oxybelis,brevirostris,Silenciosa,10,12,2004,,,0,,
Imantodes,cenchoa,Silenciosa,24,9,2004,,2133,0,71.1,
Imantodes,cenchoa,Silenciosa,22,10,2004,,2051,0,,
Dipsas,sp.,Silenciosa,22,4,2004,,2116,0,,
Sibon,annulatus,Silenciosa,16,9,2006,2,10:-17:-59 PM,2,27.2,2.2
Sibon,annulatus,Silenciosa,13,10,2006,2,8:20:00 PM,1,37.9,5.4
Sibon,argus,Silenciosa,10,9,2006,2,10:29:00 PM,2,34.5,7.0
Sibon,argus,Silenciosa,10,9,2006,2,11:-1:-59 PM,2,32.0,5.8
Sibon,argus,Silenciosa,25,9,2006,2,9:18:00 PM,2,38.2,8.3
Sibon,argus,Silenciosa,2,10,2006,2,9:-12:-59 PM,1,38.0,7.9
Sibon,argus,Silenciosa,26,10,2006,2,9:29:00 PM,1,39.0,8.1
Sibon,argus,Silenciosa,28,11,2006,2,8:-27:-59 PM,2,27.6,3.7
Sibon,argus,Silenciosa,28,11,2006,2,8:-13:-59 PM,2,37.9,8.7
Sibon,argus,Silenciosa,6,12,2006,2,9:-18:-59 PM,1,38.8,7.1
Sibon,argus,Silenciosa,15,12,2006,2,9:-10:-59 PM,1,36.5,7.1
Imantodes,cenchoa,Silenciosa,12,9,2006,2,9:07:00 PM,2,49.0,8.2
Imantodes,cenchoa,Silenciosa,15,9,2006,,7:14:00 PM,1,82.0,18.0
Imantodes,cenchoa,Silenciosa,28,9,2006,2,10:-11:-59 PM,2,47.4,5.5
Imantodes,cenchoa,Silenciosa,4,10,2006,2,9:29:00 PM,2,31.3,2.2
Imantodes,cenchoa,Silenciosa,5,11,2006,2,9:06:00 PM,2,31.2,2.5
Imantodes,cenchoa,Silenciosa,26,11,2006,2,8:03:00 PM,2,74.2,22.0
Sibon,longifrenis,Silenciosa,16,9,2006,2,10:-5:-59 PM,1,35.4,5.7
Sibon,longifrenis,Silenciosa,25,9,2006,2,9:-14:-59 PM,1,35.4,5.4
Sibon,longifrenis,Silenciosa,4,10,2006,2,10:-18:-59 PM,2,35.2,7.3
Sibon,longifrenis,Silenciosa,7,10,2006,2,9:23:00 PM,1,35.4,5.4
Bothriechis,schlegelii,Silenciosa,6,9,2006,,11:-26:-59 PM,2,29.0,11.1
Bothriechis,schlegelii,Silenciosa,16,9,2006,2,10:-28:-59 PM,2,29.0,11.1
Leptodeira,septentrionalis,Silenciosa,11,12,2006,2,9:-29:-59 PM,1,36.0,10.3
Sibon,annulatus,Silenciosa,7,4,2007,2,10:-25:-59 PM,2,34.2,4.9
Sibon,annulatus,Silenciosa,4,5,2007,2,10:08:00 PM,2,24.5,1.4
Sibon,annulatus,Silenciosa,7,7,2007,2,9:-17:-59 PM,1,37.9,5.5
Sibon,annulatus,Silenciosa,7,7,2007,2,8:28:00 PM,2,34.2,4.6
Sibon,annulatus,Silenciosa,12,7,2007,2,10:-25:-59 PM,1,40.5,5.5
Sibon,annulatus,Silenciosa,16,7,2007,2,9:-28:-59 PM,1,38.4,5.1
Sibon,annulatus,Silenciosa,3,8,2007,2,9:-2:-59 PM,2,37.0,6.4
Sibon,annulatus,Silenciosa,14,8,2007,2,9:25:00 PM,1,25.7,2.5
Sibon,argus,Silenciosa,1,1,2007,2,8:-8:-59 PM,2,37.8,9.8
Sibon,argus,Silenciosa,1,1,2007,2,8:24:00 PM,1,38.9,7.1
Sibon,argus,Silenciosa,23,1,2007,2,,2,38.4,8.4
Sibon,argus,Silenciosa,29,1,2007,2,9:26:00 PM,2,28.3,3.7
Sibon,argus,Silenciosa,6,2,2007,2,8:11:00 PM,2,28.1,3.6
Sibon,argus,Silenciosa,7,4,2007,2,10:-16:-59 PM,2,36.4,7.0
Sibon,argus,Silenciosa,16,4,2007,2,9:11:00 PM,1,36.3,6.7
Sibon,argus,Silenciosa,4,5,2007,2,9:25:00 PM,2,33.8,6.2
Sibon,argus,Silenciosa,18,5,2007,2,9:23:00 PM,2,28.1,3.7
Sibon,argus,Silenciosa,12,7,2007,2,10:-10:-59 PM,2,37.3,8.1
Oxybelis,brevirostris,Silenciosa,1,1,2007,2,9:01:00 PM,1,54.5,11.6
Oxybelis,brevirostris,Silenciosa,6,2,2007,2,9:-13:-59 PM,2,69.6,27.7
Oxybelis,brevirostris,Silenciosa,26,2,2007,2,10:-23:-59 PM,2,62.9,18.8
Oxybelis,brevirostris,Silenciosa,23,3,2007,2,10:26:00 PM,2,57.3,14.1
Imantodes,cenchoa,Silenciosa,12,1,2007,,8:16:00 PM,2,74.5,24.8
Imantodes,cenchoa,Silenciosa,8,3,2007,2,10:26:00 PM,1,74.1,16.2
Imantodes,cenchoa,Silenciosa,8,3,2007,2,11:-23:-59 PM,2,98.6,56.4
Clelia,clelia,Silenciosa,16,4,2007,2,9:02:00 PM,1,151.0,
Imantodes,inornatus,Silenciosa,1,1,2007,2,8:18:00 PM,2,59.6,20.7
Sibon,longifrenis,Silenciosa,18,1,2007,2,8:-1:-59 PM,1,34.6,5.3
Sibon,longifrenis,Silenciosa,7,7,2007,2,9:13:00 PM,1,34.7,5.2
Sibon,longifrenis,Silenciosa,21,7,2007,2,9:-14:-59 PM,1,34.7,
Sibon,nebulatus,Silenciosa,29,7,2007,2,8:23:00 PM,1,46.5,23.0
Bothriechis,schlegelii,Silenciosa,8,3,2007,2,10:16:00 PM,2,18.2,3.9
Bothriechis,schlegelii,Silenciosa,7,4,2007,2,9:12:00 PM,2,24.9,5.0
Bothriechis,schlegelii,Silenciosa,7,4,2007,2,9:00:00 PM,1,31.9,9.4
Leptodeira,septentrionalis,Silenciosa,6,2,2007,2,9:-26:-59 PM,1,54.4,17.5
Leptodeira,septentrionalis,Silenciosa,7,4,2007,2,9:21:00 PM,1,34.9,10.5
Dipsas,sp.,Silenciosa,4,5,2007,2,9:12:00 PM,1,39.3,7.6
Dipsas,sp.,Silenciosa,7,7,2007,,9:-7:-59 PM,1,38.2,6.5
Dipsas,sp.,Silenciosa,3,8,2007,,9:05:00 PM,1,37.3,5.3
Sibon,annulatus,Silenciosa,8,6,2008,2,9:-4:-59 PM,2,37.6,7.3
Sibon,annulatus,Silenciosa,8,6,2008,2,9:09:00 PM,2,37.1,6.4
Sibon,annulatus,Silenciosa,24,6,2008,2,11:16:00 PM,2,36.9,10.3
Oxybelis,brevirostris,Silenciosa,8,6,2008,2,9:28:00 PM,2,41.0,6.1
Imantodes,cenchoa,Silenciosa,8,6,2008,2,9:-18:-59 PM,2,70.0,14.4
Dipsas,sp.,Silenciosa,24,6,2008,2,11:13:00 PM,2,26.5,4.0
Chironius,grandisquamis,Silenciosa,11,7,2010,1,1140,0,,
Sibon,argus,Silenciosa,16,7,2011,2,2158,0,33.6,5.3
Sibon,argus,Silenciosa,17,7,2011,2,2137,0,37.3,6.5
Sibon,argus,Silenciosa,18,7,2011,2,2200,0,39.1,6.9
Sibon,annulatus,Silenciosa,4,6,2012,2,1941,0,23.4,2.3
Sibon,argus,Silenciosa,3,6,2012,2,,0,,
Sibon,argus,Silenciosa,15,7,2012,2,1956,0,,
Geophis,brachycephalus,Silenciosa,15,7,2012,2,1923,0,238.0,
Imantodes,cenchoa,Silenciosa,24,6,2012,2,1940,0,,
Dipsas,sp.,Silenciosa,3,6,2012,2,,0,,
Dipsas,sp.,Silenciosa,24,6,2012,2,2006,0,,
Dipsas,sp.,Silenciosa,26,6,2012,2,2150,0,,
Leptophis,ahaetulla,str-rancho trail,30,11,1998,,2115,0,,
Sibon,annulatus,TADS,28,9,2006,,9:11:00 PM,1,40.5,7.7
Sibon,annulatus,TADS,26,10,2006,,8:20:00 PM,2,29.1,3.2
Sibon,argus,TADS,6,9,2006,,10:-17:-59 PM,2,29.0,5.4
Sibon,argus,TADS,10,9,2006,,9:-23:-59 PM,2,41.6,10.9
Sibon,argus,TADS,25,9,2006,,8:09:00 PM,1,26.6,2.9
Sibon,argus,TADS,28,9,2006,,10:-21:-59 PM,0,,
Sibon,argus,TADS,17,10,2006,,10:-12:-59 PM,2,29.4,5.0
Sibon,argus,TADS,26,10,2006,,9:-25:-59 PM,2,29.4,5.0
Sibon,argus,TADS,13,11,2006,,8:10:00 PM,2,29.9,5.0
Sibon,argus,TADS,26,11,2006,,9:00:00 PM,1,25.5,3.1
Oxybelis,brevirostris,TADS,6,9,2006,,10:-10:-59 PM,2,64.6,25.6
Oxybelis,brevirostris,TADS,17,10,2006,,10:05:00 PM,2,66.4,28.6
Oxybelis,brevirostris,TADS,13,11,2006,,8:21:00 PM,2,61.0,20.5
Imantodes,cenchoa,TADS,6,9,2006,,10:-24:-59 PM,1,76.7,18.1
Imantodes,cenchoa,TADS,5,11,2006,,9:-3:-59 PM,2,75.8,22.5
Sibon,longifrenis,TADS,28,11,2006,,8:26:00 PM,1,34.9,5.4
Dipsas,sp.,TADS,26,11,2006,,8:-10:-59 PM,1,22.7,2.3
Sibon,annulatus,TADS,6,4,2007,,9:-5:-59 PM,2,25.4,2.6
Sibon,annulatus,TADS,6,4,2007,,9:-10:-59 PM,2,37.8,5.6
Sibon,annulatus,TADS,22,5,2007,,10:26:00 PM,2,25.1,2.4
Sibon,annulatus,TADS,12,8,2007,,10:-16:-59 PM,2,34.6,6.0
Sibon,argus,TADS,4,1,2007,,9:-28:-59 PM,2,41.5,11.8
Oxybelis,brevirostris,TADS,20,1,2007,,8:-25:-59 PM,2,62.9,20.2
Oxybelis,brevirostris,TADS,5,2,2007,,9:20:00 PM,2,54.0,13.3
Oxybelis,brevirostris,TADS,29,7,2007,,8:16:00 PM,2,63.2,24.9
Imantodes,cenchoa,TADS,4,1,2007,,9:-2:-59 PM,1,67.0,8.8
Leptophis,depressirostris,TADS,20,1,2007,,9:26:00 PM,1,51.5,10.2
Sibon,nebulatus,TADS,16,7,2007,,8:12:00 PM,2,47.4,22.5
Sibon,annulatus,TADS,6,9,2008,,10:-27:-59 PM,2,36.0,5.0
Dipsas,sp.,TADS,20,2,2010,,,2,35.9,8.4
Sibon,annulatus,Trail to Cascada,15,8,2007,,10:-29:-59 PM,1,41.4,
Sibon,annulatus,Trail to Guabal,30,12,2006,,9:-14:-59 PM,2,35.6,6.7
Oxybelis,brevirostris,Trail to Guabal,5,12,2006,,9:-26:-59 PM,1,72.3,30.8
Imantodes,cenchoa,Trail to Guabal,5,12,2006,,8:00:00 PM,2,94.3,47.4
Sibon,annulatus,Trail to Guabal,20,2,2007,,8:-3:-59 PM,1,38.7,5.8
Sibon,annulatus,Trail to Guabal,22,5,2007,,9:01:00 PM,2,34.9,4.3
Sibon,annulatus,Trail to Guabal,13,7,2007,,9:-7:-59 PM,2,55.4,4.6
Oxybelis,brevirostris,Trail to Guabal,27,2,2007,,10:-6:-59 PM,1,58.2,20.1
Oxybelis,brevirostris,Trail to Guabal,16,8,2007,,9:05:00 PM,1,58.3,20.9
Imantodes,cenchoa,Trail to Guabal,11,3,2007,,9:13:00 PM,2,45.5,4.8
Imantodes,cenchoa,Trail to Guabal,22,5,2007,,9:-2:-59 PM,2,65.0,13.1
Imantodes,cenchoa,Trail to Guabal,16,8,2007,,9:16:00 PM,2,58.2,8.9
Leptodeira,septentrionalis,Trail to Guabal,13,7,2007,,9:-1:-59 PM,1,54.6,20.2
Dipsas,sp.,Trail to Guabal,4,1,2007,,9:25:00 PM,1,48.7,15.3
Dipsas,sp.,Trail to Guabal,26,3,2007,,9:-12:-59 PM,1,44.4,8.8
Dipsas,sp.,Trail to Guabal,22,11,2007,,,0,,
Dipsas,sp.,Trail to Guabal,22,11,2007,,,0,,
Oxybelis,brevirostris,Trail to Guabal,22,8,2008,,9:21:00 PM,1,81.1,21.1
Rhadinaea,decorata,trail to JaJa,29,7,2000,,,0,25.0,10.1
Sibon,annulatus,Trail to Pond,5,6,2007,,9:04:00 PM,2,62.0,
Imantodes,cenchoa,Trail to Pond,14,3,2007,,8:-24:-59 PM,1,60.0,22.5
Dipsas,sp.,Trail to Pond,26,2,2007,,10:17:00 PM,2,40.0,7.1
Dipsas,sp.,Trail to Pond,24,7,2007,,,1,52.4,14.6
Oxybelis,brevirostris,Trail to Pond,14,10,2009,,2138,0,,
Oxybelis,brevirostris,Trail to TADS,19,8,2007,,21;17,2,62.8,22.2
Dipsas,sp.,Trail to TADS,22,11,2007,,,0,,
Sibon,annulatus,Trail to TADS,26,8,2008,,8:05:00 PM,2,34.2,4.4
Oxybelis,brevirostris,Trail to TADS,6,9,2008,,10:-10:-59 PM,2,66.9,28.6
Oxybelis,brevirostris,Trail to Visitor Center,5,3,2007,,8:-11:-59 PM,2,63.7,22.5
Oxybelis,brevirostris,Trail to Visitor Center,13,2,2012,,2140,1,,
Imantodes,inornatus,vaLoop Stream ditch,8,6,1998,,2045,0,,
Imantodes,cenchoa,Verrugosa,1,8,2000,,2045,0,63.5,13.4
Imantodes,cenchoa,Verrugosa,10,8,2000,,2115,0,,
Sibon,longifrenis,Verrugosa,10,6,2001,,2030,0,45.0,12.3
Oxybelis,brevirostris,Verrugosa,4,6,2002,,2115,0,38.0,7.0
Oxybelis,brevirostris,Verrugosa,14,6,2002,,2021,0,38.5,5.6
Imantodes,cenchoa,Verrugosa,4,6,2002,,2100,1,80.0,18.0
Imantodes,cenchoa,Verrugosa,20,6,2002,,2044,0,67.0,24.5
Imantodes,cenchoa,Verrugosa,11,7,2002,,2108,0,70.0,15.0
Imantodes,cenchoa,Verrugosa,23,7,2002,,2146,0,66.0,13.0
Clelia,clelia,Verrugosa,20,6,2002,,2022,0,,
Geophis,hoffmanni,Verrugosa,20,6,2002,,2030,0,28.0,12.5
Leptodeira,septentrionalis,Verrugosa,2,7,2002,,2031,0,34.0,10.5
Leptodeira,septentrionalis,Verrugosa,11,7,2002,,2050,0,45.0,16.0
Leptodeira,septentrionalis,Verrugosa,11,7,2002,,2105,0,17.0,1.6
Dipsas,sp.,Verrugosa,23,7,2002,,2048,0,35.0,7.4
Sibon,annulatus,Verrugosa,26,7,2003,,2138,0,41.0,7.4
Geophis,bellus,Verrugosa,5,7,2003,,2102,0,13.5,
Ninia,maculata,Verrugosa,5,7,2003,,2059,0,30.5,12.8
Atropoides,mexicanus,Verrugosa,25,7,2003,,1035,0,,
Dendrophidion,nuchale,Verrugosa,6,6,2003,,2018,0,100.0,
Leptodeira,septentrionalis,Verrugosa,28,5,2003,,1023,0,33.0,10.2
Geophis,brachycephalus,Verrugosa,29,11,2006,,8:-20:-59 PM,2,27.0,7.4
Oxybelis,brevirostris,Verrugosa,16,12,2006,2,10:-18:-59 PM,2,62.8,33.4
Oxybelis,brevirostris,Verrugosa,16,12,2006,2,10:06:00 PM,2,66.9,28.3
Imantodes,cenchoa,Verrugosa,16,12,2006,2,9:-2:-59 PM,1,62.9,10.0
Imantodes,inornatus,Verrugosa,23,9,2006,2,9:-28:-59 PM,2,39.5,6.0
Bothriechis,schlegelii,Verrugosa,16,12,2006,2,9:01:00 PM,2,33.0,7.9
Sibon,annulatus,Verrugosa,25,1,2007,2,8:-24:-59 PM,1,40.0,6.1
Oxybelis,brevirostris,Verrugosa,25,1,2007,2,9:-26:-59 PM,1,52.2,11.8
Oxybelis,brevirostris,Verrugosa,28,1,2007,1,1:-12:-59 PM,2,51.4,10.1
Imantodes,cenchoa,Verrugosa,25,1,2007,2,8:-11:-59 PM,1,62.8,10.2
Imantodes,cenchoa,Verrugosa,25,1,2007,2,8:02:00 PM,2,75.9,14.6
Imantodes,inornatus,Verrugosa,25,1,2007,2,8:-4:-59 PM,1,63.3,12.7
Bothriechis,schlegelii,Verrugosa,25,1,2007,2,8:17:00 PM,2,17.1,2.7
Bothriechis,schlegelii,Verrugosa,28,1,2007,1,11:-19:-59 AM,1,27.0,8.2
Dipsas,sp.,Verrugosa,16,7,2007,,9:-24:-59 PM,1,21.3,1.5
Dipsas,sp.,Verrugosa,4,8,2007,,9:-16:-59 PM,1,20.2,1.8
Geophis,brachycephalus,Verrugosa,9,9,2008,2,9:09:00 PM,1,28.3,11.8
Oxybelis,brevirostris,Verrugosa,9,9,2008,2,10:02:00 PM,1,57.4,18.6
Oxybelis,brevirostris,Verrugosa,9,9,2008,2,10:12:00 PM,1,67.1,28.6
Oxybelis,brevirostris,Verrugosa,9,9,2008,2,11:-26:-59 PM,2,71.9,34.2
Imantodes,cenchoa,Verrugosa,9,9,2008,2,9:-24:-59 PM,1,47.1,6.0
Imantodes,cenchoa,Verrugosa,9,9,2008,2,9:01:00 PM,2,78.3,18.5
Dipsas,sp.,Verrugosa,9,9,2008,2,11:-5:-59 PM,1,22.7,2.4
Bothrops,asper,Verrugosa,17,10,2009,,153,0,,
Imantodes,cenchoa,Verrugosa,22,7,2011,2,,1,63.9,8.0
Clelia,equitoriana,Verrugosa,22,7,2011,2,,2,44.5,25.0
Sibon,argus,Verrugosa,6,7,2012,2,1922,0,,
Sibon,argus,Verrugosa,7,7,2012,2,1912,0,,
Sibon,argus,Verrugosa,7,7,2012,2,2155,0,,
Imantodes,cenchoa,Verrugosa,7,7,2012,2,2133,0,,
Sibon,nebulatus,Verrugosa,7,7,2012,2,2156,0,,
Dipsas,sp.,Verrugosa,19,6,2012,2,1932,0,,
Bothrops,asper,Visitor Center,6,3,2007,,10:00:00 PM,0,,
Pseutes,poecilonotus,Visitor Center,7,8,2007,,11:00:00 AM,1,112.1,435.1
Pseutes,poecilonotus,Visitor Center,18,8,2008,,,2,60.6,70.4
