Genus,Species,Transect,Day,Mo,Year,ampm,Time,SVL,Mass
Imantodes,cenchoa,Main Trail,29,12,1997,,2032,,
Clelia,clelia,Main Trail,31,12,1997,,1954,,
Imantodes,cenchoa,Main Trail,13,1,1998,,2120,,
Oxybelis,brevirostris,Guabal,14,1,1998,,2105,,
Sibon,argus,Guabal,14,1,1998,,2122,,
Sibon,argus,Guabal,14,1,1998,,,10,
Sibon,argus,Guabal,14,1,1998,,,,
Sibon,argus,Guabal,15,1,1998,,2115,,
Sibon,annulatus,Guabal,7,6,1998,,2120,100,
Sibon,argus,Guabal,7,6,1998,,,,
Sibon,argus,Guabal,7,6,1998,,,,
Sibon,argus,Guabal,7,6,1998,,,,
Imantodes,inornatus,vaLoop Stream ditch,8,6,1998,,2045,,
Sibon,argus,Main Trail,22,6,1998,,2018,,
Dendrophidion,percarinatum,Guabal,23,6,1998,,835,,
Chironius,grandisquamis,Guabal,23,6,1998,,1007,150,
Dendrophidion,percarinatum,Guabal,24,6,1998,,955,,
Dendrophidion,percarinatum,Guabal,24,6,1998,,,,
Imantodes,inornatus,Main Trail,25,6,1998,,2225,,
Sibon,argus,Loop Stream,26,6,1998,,2140,,
Sibon,argus,Guabal,23,11,1998,,2010,,
Liophis,epinephalus,Guabal,25,11,1998,,943,,
Leptophis,ahaetulla,Guabal,25,11,1998,,2105,,
Imantodes,cenchoa,Guabal,25,11,1998,,2142,,
Sibon,argus,Guabal,27,11,1998,,2030,,
Sibon,annulatus,Guabal,27,11,1998,,2105,,
Leptophis,ahaetulla,str-rancho trail,30,11,1998,,2115,,
Leptophis,depressirostris,Main Trail,7,7,1999,,2100,,
Rhadinaea,decorata,Main Trail,7,7,1999,,2125,,
Sibon,annulatus,Loop Trail,9,7,1999,2,2100,,
Rhadinaea,decorata,Loop Stream,10,7,1999,,1016,,
Leptophis,depressirostris,Loop Stream,10,7,1999,,1030,,
Sibon,argus,Guabal,11,7,1999,,1957,,
Imantodes,cenchoa,Guabal,11,7,1999,,2123,,
Sibon,argus,Guabal,11,7,1999,,2149,,
Leptodeira,septentrionalis,Main Trail,12,7,1999,,2029,,
Leptophis,depressirostris,Loop Stream,14,7,1999,2,2157,,
Rhadinaea,decorata,Loop Stream,14,7,1999,,1012,24.5,7.8
Sibon,annulatus,Loop Stream,14,7,1999,,2221,50,25
Pliocercus,euryzona,Guabal,15,7,1999,,2121,,
Sibon,annulatus,Road to OTNP,23,7,1999,,1949,43,22.3
Sibon,argus,Loop Stream,24,7,1999,,2038,46,13
Chironius,grandisquamis,Loop Trail,25,7,1999,,936,100,
Bothriechis,schlegelii,Guabal,28,7,1999,1,1155,,
Sibon,argus,Loop Stream,4,8,1999,,2132,,8
Imantodes,cenchoa,Loop Stream,4,8,1999,,2150,73,19
Leptophis,depressirostris,Loop Trail,5,8,1999,,2115,64,22.5
Imantodes,cenchoa,Main Trail,6,8,1999,2,1952,47,5.8
Sibon,argus,Guabal,18,5,2000,,2004,42.5,10.1
Rhadinaea,decorata,Main Trail,18,5,2000,,,22.5,6
Imantodes,cenchoa,Main Trail,19,5,2000,,,63,16.5
Sibon,argus,Silenciosa,20,5,2000,,2001,25.5,2.2
Rhadinaea,decorata,Seep Stream,21,5,2000,,,23,7
Rhadinaea,decorata,Connector trail,24,5,2000,,1011,16,2.1
Leptodeira,septentrionalis,Main Trail,25,5,2000,,2110,43.5,18.5
Imantodes,cenchoa,Silenciosa,27,5,2000,,2115,70,14.3
Sibon,longifrenis,Loop Trail,28,5,2000,,2049,,
Sibon,argus,Guabal,29,5,2000,,2044,40,9.5
Sibon,argus,Guabal,29,5,2000,,2152,,
Imantodes,cenchoa,Main Trail,31,5,2000,,2140,,
Sibon,argus,Loop Stream,1,6,2000,,2132,,
Sibon,argus,Silenciosa,2,6,2000,,2010,25,
Pliocercus,euryzona,Silenciosa,2,6,2000,,2037,,
Leptophis,depressirostris,Qbda JaJa,24,7,2000,,1036,38,6.1
Sibon,argus,Guabal,24,7,2000,,2124,27,2.8
Sibon,argus,Guabal,24,7,2000,,2205,38.5,10.1
Sibon,annulatus,Fenomenal,26,7,2000,,2230,,
Sibon,argus,Silenciosa,27,7,2000,,2028,,
Pliocercus,euryzona,Silenciosa,27,7,2000,,2100,,
Sibon,annulatus,Silenciosa,27,7,2000,,2121,22,
Bothrops,asper,Silenciosa,27,7,2000,,2150,,
Leptophis,depressirostris,Loop Stream,29,7,2000,2,2256,,
Rhadinaea,decorata,Qbda JaJa,29,7,2000,,1058,23,8.6
Rhadinaea,decorata,Qbda JaJa,29,7,2000,,1200,23.5,8.6
Rhadinaea,decorata,trail to JaJa,29,7,2000,,,25,10.1
Leptophis,depressirostris,Qbda JaJa,30,7,2000,,2125,30.5,4.9
Sibon,argus,Main Trail,31,7,2000,2,2052,,
Rhadinaea,decorata,Guabal,1,8,2000,1,1100,,
Imantodes,cenchoa,Verrugosa,1,8,2000,,2045,63.5,13.4
Pliocercus,euryzona,Silenciosa,2,8,2000,,2150,,
Imantodes,cenchoa,Guabal,4,8,2000,,2120,,
Sibon,argus,Guabal,4,8,2000,,2145,39.5,15.5
Imantodes,cenchoa,Loop Trail,5,8,2000,2,2022,58,12.3
Imantodes,cenchoa,Loop Trail,5,8,2000,2,2235,72,13.3
Leptophis,depressirostris,Fenomenal,6,8,2000,,2045,,
Leptophis,depressirostris,Fenomenal,6,8,2000,,2138,34.5,4
Sibon,annulatus,Fenomenal,6,8,2000,,2151,27,2.7
Leptophis,depressirostris,Loop Stream,9,8,2000,,1955,,
Sibon,argus,Loop Stream,9,8,2000,,2115,36,6.5
Rhadinaea,decorata,Qbda JaJa,10,8,2000,,1205,,
Imantodes,cenchoa,Verrugosa,10,8,2000,,2115,,
Leptophis,ahaetulla,Guabal,13,8,2000,1,,71,
Sibon,argus,Loop Stream,18,5,2001,,2050,33,11.8
Sibon,argus,Loop Stream,18,5,2001,,2253,36,14.3
Sibon,argus,Silenciosa,21,5,2001,,2100,43,14
Sibon,argus,Cascada,22,5,2001,2,2030,27,1.6
Oxybelis,brevirostris,Loop Trail,27,5,2001,,2057,33,
Imantodes,cenchoa,Loop Stream,28,5,2001,,2030,70,14.7
Sibon,argus,Loop Stream,28,5,2001,,2115,25,
Sibon,argus,Main Trail,29,5,2001,,2105,,
Sibon,argus,Silenciosa,30,5,2001,,2104,23,
Sibon,argus,Silenciosa,30,5,2001,,2110,45,
Imantodes,cenchoa,Silenciosa,30,5,2001,,2211,72,26.3
Sibon,argus,Silenciosa,30,5,2001,,2221,25,
Rhadinaea,decorata,Main Trail,1,6,2001,,948,,
Imantodes,cenchoa,Loop Trail,3,6,2001,2,2046,45,7.8
Sibon,argus,Guabal,6,6,2001,,2100,,
Sibon,argus,Guabal,6,6,2001,,2155,29.5,4.5
Oxybelis,brevirostris,Cascada,8,6,2001,,2210,,
Sibon,argus,Silenciosa,9,6,2001,,2037,23,
Sibon,argus,Silenciosa,9,6,2001,,2119,,
Sibon,longifrenis,Verrugosa,10,6,2001,,2030,45,12.3
Sibon,argus,Guabal,11,6,2001,2,2335,,
Sibon,argus,Loop Stream,12,6,2001,2,2203,37,
Oxybelis,brevirostris,Loop Trail,13,6,2001,2,2026,63,26.9
Sibon,argus,Silenciosa,14,6,2001,,2056,,
Sibon,argus,Silenciosa,14,6,2001,,2107,,
Oxybelis,brevirostris,Cascada,15,6,2001,2,2242,,
Sibon,argus,Guabal,19,6,2001,,1253,19,
Oxybelis,brevirostris,Guabal,19,6,2001,,2025,,
Sibon,argus,Guabal,19,6,2001,,2032,18,
Imantodes,cenchoa,Guabal,19,6,2001,,2056,70,18.3
Sibon,argus,Guabal,19,6,2001,,2121,41,
Sibon,argus,Guabal,19,6,2001,,2215,15,
Sibon,argus,Guabal,19,6,2001,,2239,40,
Sibon,annulatus,Loop Stream,20,6,2001,,2022,34.5,
Oxybelis,brevirostris,Loop Stream,20,6,2001,,2101,,
Imantodes,cenchoa,Loop Stream,20,6,2001,,2245,70,
Sibon,argus,Silenciosa,24,6,2001,,2016,43.5,9.4
Sibon,annulatus,Silenciosa,24,6,2001,,2041,30.5,4.7
Sibon,argus,Silenciosa,24,6,2001,,2100,24,
Oxybelis,brevirostris,Cascada,25,6,2001,,2140,,
Imantodes,cenchoa,Cascada,25,6,2001,,2145,,
Oxybelis,brevirostris,Cascada,25,6,2001,,2242,,
Oxybelis,brevirostris,Loop Stream,28,6,2001,2,2225,,
Sibon,argus,Cascada,1,7,2001,2,2123,,
Sibon,argus,Silenciosa,3,7,2001,,2040,,
Leptodeira,septentrionalis,Silenciosa,3,7,2001,,2050,16,
Sibon,argus,Silenciosa,3,7,2001,,2118,,
Sibon,argus,Silenciosa,3,7,2001,,2125,,
Sibon,argus,Loop Stream,4,7,2001,,2105,,
Sibon,argus,Silenciosa,11,7,2001,,2100,24.1,
Sibon,annulatus,Guabal,12,7,2001,,2120,20,
Imantodes,cenchoa,Cascada,13,7,2001,,2103,,
Sibon,argus,Loop Stream,15,7,2001,2,2200,25,
Sibon,argus,Main Trail,16,7,2001,,2116,27,
Sibon,argus,Main Trail,16,7,2001,,2123,38,8
Sibon,annulatus,Silenciosa,17,7,2001,,2023,25.5,
Sibon,argus,Silenciosa,17,7,2001,,2113,48,17.5
Sibon,annulatus,Main Trail,30,5,2002,,2138,25,4.6
Nothopsis,rugosus,Main Trail,30,5,2002,,2158,31,11
Sibon,argus,Silenciosa,31,5,2002,,2040,,
Oxybelis,brevirostris,Silenciosa,31,5,2002,,2047,36,4.6
Leptodeira,septentrionalis,Silenciosa,31,5,2002,,2115,37,13.2
Sibon,argus,Silenciosa,31,5,2002,,2120,29,6.2
Sibon,argus,Silenciosa,31,5,2002,,2157,35,7.7
Rhadinaea,decorata,Cascada,1,6,2002,,1116,26,11.5
Sibon,argus,Cascada,2,6,2002,2,2114,37,8
Sibon,argus,Guabal,3,6,2002,2,2140,,
Imantodes,cenchoa,Verrugosa,4,6,2002,,2100,80,18
Oxybelis,brevirostris,Verrugosa,4,6,2002,,2115,38,7
Bothriechis,schlegelii,Loop Trail,5,6,2002,2,2150,,
Rhadinaea,decorata,Rio Colorado,6,6,2002,,946,24.5,8.7
Oxybelis,brevirostris,Guabal,9,6,2002,,2018,38,
Sibon,argus,Guabal,9,6,2002,,2120,29,5.5
Sibon,argus,Guabal,9,6,2002,,2127,41,13.7
Oxybelis,brevirostris,Loop Trail,10,6,2002,,2006,66,60.2
Oxybelis,brevirostris,Loop Stream,13,6,2002,2,2138,63,27.2
Oxybelis,brevirostris,Verrugosa,14,6,2002,,2021,38.5,5.6
Rhadinaea,decorata,Silenciosa,15,6,2002,,1000,25.5,9.5
Sibon,argus,Guabal,15,6,2002,,2053,,
Sibon,argus,Guabal,15,6,2002,,2118,46,15.1
Imantodes,cenchoa,Guabal,15,6,2002,,2140,78,39.6
Imantodes,cenchoa,Silenciosa,16,6,2002,,2025,78,26.5
Sibon,argus,Cascada,17,6,2002,2,2040,,
Dipsas,sp.,Loop Trail,18,6,2002,2,2051,,
Rhadinaea,decorata,Loop Stream,20,6,2002,2,1020,24,8.5
Clelia,clelia,Verrugosa,20,6,2002,,2022,,
Geophis,hoffmanni,Verrugosa,20,6,2002,,2030,28,12.5
Imantodes,cenchoa,Verrugosa,20,6,2002,,2044,67,24.5
Rhadinaea,decorata,Main Trail,21,6,2002,,2018,21.5,8
Oxybelis,brevirostris,Guabal,22,6,2002,2,2022,,
Rhadinaea,decorata,Loop Stream,28,6,2002,,2123,26,8.5
Oxybelis,brevirostris,Loop Stream,28,6,2002,,2255,64,27.3
Sibon,argus,Loop Stream,28,6,2002,,2310,39,9.3
Clelia,clelia,Cascada,29,6,2002,2,2258,,
Rhadinaea,decorata,Silenciosa,29,6,2002,,1120,24,6.7
Oxybelis,brevirostris,Main Trail,30,6,2002,,2009,,
Leptodeira,septentrionalis,Verrugosa,2,7,2002,,2031,34,10.5
Oxybelis,brevirostris,Loop Trail,3,7,2002,,,,
Sibon,argus,Guabal,4,7,2002,,2050,42,12.5
Leptodeira,septentrionalis,Guabal,4,7,2002,,2122,21,3.5
Sibon,argus,Loop Stream,10,7,2002,2,2200,28,5.9
Leptodeira,septentrionalis,Verrugosa,11,7,2002,,2050,45,16
Leptodeira,septentrionalis,Verrugosa,11,7,2002,,2105,17,1.6
Imantodes,cenchoa,Verrugosa,11,7,2002,,2108,70,15
Oxybelis,brevirostris,Loop Trail,12,7,2002,,2058,58,
Oxybelis,brevirostris,Loop Trail,12,7,2002,,2158,74,41.5
Oxybelis,brevirostris,Loop Trail,12,7,2002,,,35,6.5
Sibon,argus,Silenciosa,13,7,2002,,2155,38,8
Oxybelis,brevirostris,Silenciosa,13,7,2002,,2214,39.5,6.9
Geophis,bellus,Cascada,19,7,2002,2,2155,,
Oxybelis,brevirostris,Loop Stream,20,7,2002,,2116,,
Oxybelis,brevirostris,Main Trail,21,7,2002,2,2027,36,
Dipsas,sp.,Verrugosa,23,7,2002,,2048,35,7.4
Imantodes,cenchoa,Verrugosa,23,7,2002,,2146,66,13
Leptodeira,septentrionalis,Loop Stream,24,7,2002,,2049,19.5,3.3
Leptodeira,septentrionalis,Loop Stream,24,7,2002,,2110,47,26
Sibon,argus,Loop Stream,24,7,2002,,2122,,
Imantodes,cenchoa,Loop Stream,24,7,2002,,2142,77,21
Oxybelis,brevirostris,Loop Stream,24,7,2002,,2250,,
Imantodes,cenchoa,Loop Stream,24,7,2002,,2252,75,26.5
Rhadinaea,decorata,Rio Colorado,25,7,2002,,1031,26,11.5
Imantodes,cenchoa,Rio Colorado,25,7,2002,,,,
Oxybelis,brevirostris,Rio Colorado,25,7,2002,,,,
Imantodes,cenchoa,Loop Trail,26,7,2002,2,2131,49,7.5
Oxybelis,brevirostris,Cascada,27,7,2002,,2208,37.5,8.5
Imantodes,cenchoa,Cascada,27,7,2002,,2222,,
Clelia,clelia,Cascada,27,7,2002,,2228,,
Sibon,argus,Cascada,27,7,2002,,2228,,
Sibon,argus,Silenciosa,28,7,2002,,2038,34,6.4
Leptodeira,septentrionalis,Silenciosa,28,7,2002,,2050,19,5.4
Sibon,argus,Silenciosa,28,7,2002,,2105,32,8.5
Sibon,argus,Silenciosa,28,7,2002,,2110,,
Dipsas,sp.,Guabal,30,7,2002,,2046,19,2
Oxybelis,brevirostris,Loop Trail,2,8,2002,,2124,,
Leptophis,depressirostris,Loop Trail,2,8,2002,,2146,,
Rhadinaea,decorata,Cascada,3,8,2002,,1048,20.5,5.7
Sibon,argus,Cascada,4,8,2002,2,2059,39,7.8
Oxybelis,brevirostris,Main Trail,5,8,2002,,2002,67,29.5
Imantodes,cenchoa,Main Trail,5,8,2002,,2022,71.5,15.5
Sibon,argus,Guabal,6,8,2002,,2006,39,12.5
Oxybelis,brevirostris,Guabal,6,8,2002,,2200,,
Sibon,argus,Silenciosa,7,8,2002,,2021,25,5.4
Imantodes,cenchoa,Loop Trail,17,5,2003,,2200,65,
Chironius,grandisquamis,Guabal,18,5,2003,2,2127,,
Sibon,argus,Cascada,20,5,2003,,2050,41,12.3
Oxybelis,brevirostris,Cascada,20,5,2003,,2137,32,
Drymobius,rhombifer,Loop Stream,21,5,2003,2,2240,,
Sibon,argus,Silenciosa,22,5,2003,,2004,21,2.5
Sibon,argus,Silenciosa,22,5,2003,,2114,27,5.6
Micrurus,multifasciatus,Silenciosa,22,5,2003,,2125,,
Rhadinaea,vermiculaticeps,Guabal,25,5,2003,1,1047,24,10.2
Imantodes,cenchoa,Cascada,25,5,2003,2,2035,79,35.1
Dipsas,sp.,Guabal,26,5,2003,,2030,28,6.4
Leptodeira,septentrionalis,Verrugosa,28,5,2003,,1023,33,10.2
Sibon,argus,Silenciosa,28,5,2003,,2037,17,
Sibon,argus,Silenciosa,28,5,2003,,2050,,
Oxybelis,brevirostris,Loop Trail,29,5,2003,,1950,,
Ninia,maculata,Main Trail,30,5,2003,,2027,30,12.2
Geophis,bellus,Main Trail,30,5,2003,,2042,,
Sibon,argus,Main Trail,30,5,2003,,2045,41,16.2
Sibon,argus,Guabal,31,5,2003,2,2008,19,
Oxybelis,brevirostris,Silenciosa,1,6,2003,,2020,33,5.3
Sibon,argus,Silenciosa,1,6,2003,,2101,28.5,4.8
Imantodes,cenchoa,Cascada,2,6,2003,,2000,79,32.8
Imantodes,cenchoa,Cascada,2,6,2003,,2305,82,28.4
Oxybelis,brevirostris,Loop Stream,3,6,2003,2,2220,36,9.4
Mastigodryas,melanolomus,Main Trail,3,6,2003,,1000,,
Dipsas,sp.,Loop Trail,4,6,2003,,2044,39,8.9
Oxybelis,brevirostris,Main Trail,5,6,2003,,2013,61,30.4
Oxybelis,brevirostris,Main Trail,5,6,2003,,2025,51,14.1
Sibon,annulatus,Main Trail,5,6,2003,,2055,41,6.4
Oxybelis,brevirostris,Main Trail,5,6,2003,,2125,64,38.1
Bothriechis,schlegelii,Main Trail,5,6,2003,,2155,,
Sibon,annulatus,Main Trail,5,6,2003,,2210,45,8.4
Sibon,annulatus,Main Trail,5,6,2003,,2240,,
Dendrophidion,nuchale,Verrugosa,6,6,2003,,2018,100,
Sibon,longifrenis,Guabal,7,6,2003,2,2155,34,8.2
Sibon,argus,Cascada,10,6,2003,2,2058,18.2,
Sibon,argus,Loop Stream,11,6,2003,,2045,40,10.8
Imantodes,cenchoa,Loop Stream,11,6,2003,,2109,71,24.3
Oxybelis,brevirostris,Loop Stream,11,6,2003,,2256,38,8.8
Sibon,argus,Loop Stream,11,6,2003,,2302,35,7.8
Sibon,argus,Silenciosa,12,6,2003,2,2130,40,14.3
Oxybelis,brevirostris,Main Trail,4,7,2003,,2139,,
Ninia,maculata,Verrugosa,5,7,2003,,2059,30.5,12.8
Geophis,bellus,Verrugosa,5,7,2003,,2102,13.5,
Sibon,argus,Cascada,7,7,2003,,1959,43.5,15.5
Oxybelis,brevirostris,Cascada,7,7,2003,,2140,37,7.4
Sibon,argus,Cascada,7,7,2003,,2140,32,7.1
Oxybelis,brevirostris,Cascada,7,7,2003,,2204,60,26.6
Sibon,argus,Main Trail,8,7,2003,,2102,37.5,8.2
Sibon,argus,Main Trail,8,7,2003,,2112,,
Sibon,argus,Loop Stream,9,7,2003,,2055,,
Sibon,argus,Loop Stream,9,7,2003,,2105,42,11.4
Dipsas,sp.,Loop Stream,9,7,2003,,2225,23.5,2.8
Sibon,argus,Loop Stream,9,7,2003,,2230,30,4.4
Oxybelis,brevirostris,Loop Stream,9,7,2003,,2242,42,9.9
Dipsas,sp.,Guabal,14,7,2003,,2007,27.5,4.8
Sibon,argus,Guabal,14,7,2003,,2150,35,9.9
Dipsas,sp.,Loop Trail,16,7,2003,,2033,44,9.9
Oxybelis,brevirostris,Loop Trail,16,7,2003,,2114,57,21.9
Imantodes,cenchoa,Loop Trail,16,7,2003,,2141,67,19.9
Rhadinaea,vermiculaticeps,Loop Trail,17,7,2003,,950,,
Rhadinaea,vermiculaticeps,Loop Trail,17,7,2003,,1000,9.5,
Sibon,argus,Loop Stream,17,7,2003,,2055,22,
Dipsas,sp.,Loop Stream,17,7,2003,,2105,,
Sibon,argus,Silenciosa,18,7,2003,,1955,33.5,6.9
Sibon,argus,Silenciosa,18,7,2003,,2000,36,8.4
Sibon,argus,Guabal,20,7,2003,,2030,39,9.8
Sibon,argus,Guabal,20,7,2003,,2145,,
Sibon,argus,Guabal,20,7,2003,,2152,44,13.3
Oxybelis,brevirostris,Main Trail,23,7,2003,,2007,67,30.4
Dipsas,sp.,Loop Trail,24,7,2003,,2048,42,9.9
Atropoides,mexicanus,Verrugosa,25,7,2003,,1035,,
Sibon,annulatus,Verrugosa,26,7,2003,,2138,41,7.4
Rhadinaea,vermiculaticeps,Loop Stream,27,7,2003,,925,19,6.4
Imantodes,cenchoa,Main Trail,27,7,2003,,2055,57.5,12.4
Imantodes,cenchoa,Main Trail,27,7,2003,,2122,61,9.9
Oxybelis,brevirostris,Loop Trail,29,7,2003,,2045,44,11.8
Sibon,argus,Guabal,30,7,2003,,2100,20,
Chironius,grandisquamis,Guabal,30,7,2003,,2110,,
Micrurus,stewarti,Guabal,30,7,2003,,2122,,
Sibon,argus,Guabal,30,7,2003,,2135,32,9.5
Imantodes,cenchoa,Loop Stream,31,7,2003,,2135,75,
Oxybelis,brevirostris,Loop Stream,31,7,2003,,2145,60,22.3
Dipsas,sp.,Main Trail,1,8,2003,,2017,48,14.8
Imantodes,cenchoa,Main Trail,1,8,2003,,,74,17.8
Oxybelis,brevirostris,Main Trail,1,8,2003,,,40,
Chironius,grandisquamis,Silenciosa,2,8,2003,,2021,,
Sibon,argus,Loop Stream,26,9,2003,,2204,20,3
Oxybelis,brevirostris,Loop Stream,26,9,2003,,2318,10,10
Dipsas,sp.,Guabal,27,9,2003,,2036,32,5
Sibon,argus,Guabal,27,9,2003,,2300,21.8,1.7
Sibon,argus,Cascada,28,9,2003,,2329,41,10.2
Imantodes,cenchoa,Loop Stream,18,10,2003,,2053,77,
Sibon,argus,Loop Stream,18,10,2003,,2206,38,
Sibon,argus,Cascada,19,10,2003,,2007,44,14
Sibon,argus,Guabal,20,10,2003,,2131,26,
Sibon,argus,Guabal,20,10,2003,,2138,41,10.8
Dipsas,sp.,Guabal,20,10,2003,,2156,22,2.4
Sibon,argus,Silenciosa,21,10,2003,,2022,,
Dipsas,sp.,Guabal,3,11,2003,,2034,31,4.8
Sibon,argus,Guabal,3,11,2003,,2059,39,9
Leptodeira,septentrionalis,Guabal,3,11,2003,,2234,29,2.8
Sibon,argus,Loop Stream,9,11,2003,,2103,43.5,14
Sibon,argus,Loop Stream,9,11,2003,,2111,40.5,13
Leptodeira,septentrionalis,Silenciosa,5,12,2003,,2257,,
Sibon,argus,Loop Stream,11,12,2003,,2206,42.5,17
Oxybelis,brevirostris,Loop Stream,11,12,2003,,2321,,
Sibon,argus,Silenciosa,16,1,2004,,2235,30,
Dipsas,sp.,Guabal,10,2,2004,,2014,50,14.4
Sibon,nebulatus,Guabal,10,2,2004,,2139,31,9.2
Sibon,nebulatus,Cascada,5,3,2004,2,1957,76,
Oxybelis,brevirostris,Cascada,5,3,2004,2,2321,,
Dipsas,sp.,Guabal,6,3,2004,2,2054,34,
Dipsas,sp.,Silenciosa,22,4,2004,,2116,,
Sibon,argus,Silenciosa,22,4,2004,,2135,,
Sibon,nebulatus,Guabal,24,4,2004,2,2021,,
Sibon,longifrenis,Cascada,25,4,2004,2,2139,43,
Sibon,argus,Cascada,25,4,2004,,2246,35.5,
Sibon,argus,Silenciosa,16,5,2004,2,2050,28.5,
Leptodeira,septentrionalis,Guabal,17,5,2004,,2058,56,33.6
Oxybelis,brevirostris,Guabal,17,5,2004,,2116,,
Sibon,nebulatus,Guabal,17,5,2004,,2234,48,
Sibon,argus,Cascada,19,5,2004,2,2036,43.5,
Sibon,argus,Guabal,7,6,2004,,2019,,
Sibon,argus,Guabal,7,6,2004,,2153,28,
Sibon,argus,Silenciosa,8,6,2004,2,2257,35,9.6
Leptodeira,septentrionalis,Loop Stream,9,6,2004,2,2132,79,
Sibon,argus,Loop Stream,1,7,2004,,2053,43.5,14
Oxybelis,brevirostris,Silenciosa,2,7,2004,,2100,,
Sibon,argus,Guabal,3,7,2004,2,2200,,
Sibon,argus,Loop Stream,20,8,2004,,2030,14.9,
Leptodeira,septentrionalis,Loop Stream,20,8,2004,,2055,40,
Leptodeira,septentrionalis,Loop Stream,20,8,2004,,2100,38.4,
Imantodes,cenchoa,Loop Stream,20,8,2004,,2103,74.5,
Hydromorphus,concolor,Loop Stream,20,8,2004,,2210,,
Sibon,argus,Loop Stream,20,8,2004,,2300,42,17
Sibon,argus,Guabal,21,8,2004,,2243,34.5,
Ninia,maculata,Guabal,21,8,2004,,2306,,
Sibon,argus,Silenciosa,24,9,2004,,2052,46.5,16.5
Imantodes,cenchoa,Silenciosa,24,9,2004,,2133,71.1,
Sibon,argus,Silenciosa,24,9,2004,,2304,39.9,
Oxybelis,brevirostris,Guabal,25,9,2004,,2129,73,
Oxybelis,brevirostris,Guabal,25,9,2004,,2129,73,
Sibon,argus,Loop Stream,27,9,2004,,2108,32.5,
Sibon,argus,Loop Stream,27,9,2004,,2156,,
Oxybelis,brevirostris,Loop Stream,27,9,2004,,2221,43.5,
Imantodes,cenchoa,Loop Stream,16,10,2004,,2020,73.5,16.5
Imantodes,cenchoa,Loop Stream,16,10,2004,,2127,90,
Sibon,argus,Loop Stream,16,10,2004,,2209,35.5,
Sibon,argus,Loop Stream,16,10,2004,,2215,35.5,
Imantodes,cenchoa,Silenciosa,22,10,2004,,2051,,
Dipsas,sp.,Guabal,23,10,2004,,2103,16,
Sibon,argus,Guabal,23,10,2004,,2235,34.5,
Sibon,argus,Loop Stream,25,10,2004,,2031,26.5,
Oxybelis,brevirostris,Loop Stream,25,10,2004,,2158,,
Sibon,argus,Silenciosa,26,10,2004,,2039,43.5,
Rhadinaea,vermiculaticeps,Cascada,28,10,2004,,1328,23,
Leptodeira,septentrionalis,Cascada,28,10,2004,,2120,82,
Sibon,argus,Silenciosa,3,11,2004,,2118,36.5,9.6
Oxybelis,brevirostris,Loop Trail,4,11,2004,,2025,,
Sibon,argus,Guabal,6,11,2004,,2128,,
Leptodeira,septentrionalis,Main Trail,7,11,2004,,1942,35,
Oxybelis,brevirostris,Loop Trail,10,11,2004,,1933,,
Oxybelis,brevirostris,Loop Trail,10,11,2004,,1943,,
Bothrops,asper,Loop Trail,10,11,2004,,2016,,
Bothrops,asper,Guabal,11,11,2004,,1958,,
Oxybelis,brevirostris,Guabal,11,11,2004,,2121,,
Sibon,argus,Silenciosa,14,11,2004,,2055,35,9.6
Oxybelis,brevirostris,Loop Stream,15,11,2004,,2052,,
Oxybelis,brevirostris,Loop Trail,17,11,2004,,2023,,
Leptodeira,septentrionalis,Loop Trail,17,11,2004,,2032,,
Oxybelis,brevirostris,Loop Trail,17,11,2004,,2041,,
Bothrops,asper,Loop Trail,17,11,2004,,2102,,
Oxybelis,brevirostris,Loop Trail,17,11,2004,,2201,,
Bothrops,asper,Guabal,19,11,2004,,2107,,
Oxybelis,brevirostris,Cascada,23,11,2004,,2124,,
Dipsas,sp.,Main Trail,27,11,2004,,2118,,
Oxybelis,brevirostris,Loop Trail,7,12,2004,,2120,,
Bothrops,asper,Loop Trail,7,12,2004,,2132,,
Oxybelis,brevirostris,Loop Trail,7,12,2004,,2147,,
Oxybelis,brevirostris,Silenciosa,10,12,2004,,,,
Sibon,argus,Silenciosa,10,12,2004,,,,
Sibon,argus,Silenciosa,10,12,2004,,,,
Oxybelis,brevirostris,Loop Stream,16,12,2004,,2028,,
Sibon,argus,Loop Stream,16,12,2004,,2033,,
Bothrops,asper,Guabal,17,12,2004,,1132,,
Oxybelis,brevirostris,TADS,6,9,2006,,10:-10:-59 PM,64.6,25.6
Sibon,argus,TADS,6,9,2006,,10:-17:-59 PM,29,5.4
Imantodes,cenchoa,TADS,6,9,2006,,10:-24:-59 PM,76.7,18.1
Bothriechis,schlegelii,Silenciosa,6,9,2006,,11:-26:-59 PM,29,11.1
Sibon,argus,Silenciosa,10,9,2006,2,10:29:00 PM,34.5,7
Sibon,argus,Silenciosa,10,9,2006,2,11:-1:-59 PM,32,5.8
Sibon,argus,TADS,10,9,2006,,9:-23:-59 PM,41.6,10.9
Imantodes,cenchoa,Silenciosa,12,9,2006,2,9:07:00 PM,49,8.2
Sibon,argus,Mason's Trib,12,9,2006,2,8:-14:-59 PM,26.1,3.6
Sibon,annulatus,Rocky Road,13,9,2006,,8:-10:-59 PM,25.2,2.6
Dipsas,sp.,Rocky Road,13,9,2006,,8:-15:-59 PM,41.7,17.5
Sibon,argus,Guabal,15,9,2006,2,9:04:00 PM,26.6,2.8
Imantodes,cenchoa,Silenciosa,15,9,2006,,7:14:00 PM,82,18
Sibon,annulatus,Silenciosa,16,9,2006,2,10:-17:-59 PM,27.2,2.2
Bothriechis,schlegelii,Silenciosa,16,9,2006,2,10:-28:-59 PM,29,11.1
Sibon,longifrenis,Silenciosa,16,9,2006,2,10:-5:-59 PM,35.4,5.7
Dipsas,sp.,Rocky Road,16,9,2006,,8:11:00 PM,19,1.6
Imantodes,inornatus,Pond,16,9,2006,,11:04:00 PM,56.9,16.5
Dipsas,sp.,Rocky Road,16,9,2006,,8:-20:-59 PM,33.6,6.1
Dipsas,sp.,Rocky Road,16,9,2006,,8:-22:-59 PM,45.2,12.3
Oxybelis,brevirostris,Loop Stream,21,9,2006,2,9:13:00 PM,52.6,12.8
Imantodes,inornatus,Verrugosa,23,9,2006,2,9:-28:-59 PM,39.5,6
Dipsas,sp.,Guabal,25,9,2006,2,8:02:00 PM,21,2
Sibon,argus,Silenciosa,25,9,2006,2,9:18:00 PM,38.2,8.3
Sibon,longifrenis,Silenciosa,25,9,2006,2,9:-14:-59 PM,35.4,5.4
Oxybelis,brevirostris,Rocky Road,25,9,2006,,7:14:00 PM,67.8,22.4
Sibon,annulatus,Rocky Road,25,9,2006,,7:17:00 PM,26.6,2.2
Sibon,argus,TADS,25,9,2006,,8:09:00 PM,26.6,2.9
Sibon,argus,Rocky Road,25,9,2006,,8:-19:-59 PM,31.4,5.3
Bothriechis,schlegelii,Loop Trail,26,9,2006,2,8:13:00 PM,31.6,8.4
Oxybelis,brevirostris,Cascada,28,9,2006,2,8:00:00 PM,84.9,23.2
Imantodes,cenchoa,Silenciosa,28,9,2006,2,10:-11:-59 PM,47.4,5.5
Imantodes,cenchoa,Guabal,28,9,2006,2,9:-9:-59 PM,82.3,24.5
Sibon,annulatus,TADS,28,9,2006,,9:11:00 PM,40.5,7.7
Sibon,argus,TADS,28,9,2006,,10:-21:-59 PM,,
Oxybelis,brevirostris,Rocky Road,28,9,2006,,8:-25:-59 PM,67.5,27.8
Dipsas,sp.,Rocky Road,28,9,2006,,8:-9:-59 PM,19,1.6
Dipsas,sp.,Rocky Road,29,9,2006,,9:-9:-59 PM,47.6,14.6
Oxybelis,brevirostris,Loop Stream,30,9,2006,1,10:-11:-59 PM,64.9,23.6
Dipsas,sp.,Rocky Road,30,9,2006,,8:-22:-59 PM,23.8,2.7
Dipsas,sp.,Rocky Road,30,9,2006,,8:-5:-59 PM,42.2,16
Bothriechis,schlegelii,Guabal,2,10,2006,2,8:25:00 PM,16.9,3
Oxybelis,brevirostris,Cascada,2,10,2006,2,8:-4:-59 PM,67.6,23.6
Sibon,argus,Silenciosa,2,10,2006,2,9:-12:-59 PM,38,7.9
Oxybelis,brevirostris,Rocky Road,2,10,2006,,7:25:00 PM,58,19.3
Oxybelis,brevirostris,Rocky Road,2,10,2006,,8:-27:-59 PM,70,33.9
Leptodeira,septentrionalis,Loop Trail,3,10,2006,2,11:07:00 PM,50.9,23.2
Bothriechis,schlegelii,Loop Stream,3,10,2006,2,11:-12:-59 PM,22.5,3.3
Bothriechis,schlegelii,Main Trail,3,10,2006,2,9:-29:-59 PM,24.9,4.9
Imantodes,inornatus,Pond,3,10,2006,,9:25:00 PM,56.9,16.4
Imantodes,cenchoa,Silenciosa,4,10,2006,2,9:29:00 PM,31.3,2.2
Oxybelis,brevirostris,Loop Stream,4,10,2006,2,10:24:00 PM,52.6,12.7
Sibon,longifrenis,Silenciosa,4,10,2006,2,10:-18:-59 PM,35.2,7.3
Oxybelis,brevirostris,Loop Stream,4,10,2006,2,11:-15:-59 PM,67.7,24.7
Bothriechis,schlegelii,Loop Stream,5,10,2006,1,9:-7:-59 PM,29.7,7.9
Sibon,longifrenis,Silenciosa,7,10,2006,2,9:23:00 PM,35.4,5.4
Dipsas,sp.,Rocky Road,7,10,2006,,,41.7,15.1
Sibon,annulatus,Rocky Road,8,10,2006,,9:03:00 PM,26.6,2.6
Oxybelis,brevirostris,Guabal,12,10,2006,1,8:-5:-59 PM,66.4,26.9
Sibon,annulatus,Silenciosa,13,10,2006,2,8:20:00 PM,37.9,5.4
Oxybelis,brevirostris,TADS,17,10,2006,,10:05:00 PM,66.4,28.6
Sibon,argus,TADS,17,10,2006,,10:-12:-59 PM,29.4,5
Dipsas,sp.,Rocky Road,17,10,2006,,8:-14:-59 PM,42.1,14.9
Oxybelis,brevirostris,Rocky Road,17,10,2006,,8:-6:-59 PM,51.9,13.1
Oxybelis,brevirostris,Rocky Road,17,10,2006,,9:-26:-59 PM,51.9,11.3
Dipsas,sp.,Rocky Road,24,10,2006,,7:24:00 PM,,
Oxybelis,brevirostris,Cabin,24,10,2006,,8:20:00 PM,81.9,23.6
Sibon,argus,Silenciosa,26,10,2006,2,9:29:00 PM,39,8.1
Sibon,annulatus,TADS,26,10,2006,,8:20:00 PM,29.1,3.2
Sibon,argus,TADS,26,10,2006,,9:-25:-59 PM,29.4,5
Sibon,argus,Pond,29,10,2006,,9:-11:-59 PM,46.9,12.2
Sibon,argus,Pond,29,10,2006,,9:-17:-59 PM,42.6,15
Oxybelis,brevirostris,Cascada,31,10,2006,2,8:21:00 PM,70,31.5
Bothriechis,schlegelii,Rocky Road,31,10,2006,,8:08:00 PM,25.9,5.7
Oxybelis,brevirostris,Rocky Road,31,10,2006,,8:-19:-59 PM,66.8,23.4
Imantodes,cenchoa,Rocky Road,31,10,2006,,8:-3:-59 PM,57.4,8.9
Imantodes,cenchoa,Guabal,1,11,2006,2,9:-26:-59 PM,77,17.9
Imantodes,cenchoa,Silenciosa,5,11,2006,2,9:06:00 PM,31.2,2.5
Sibon,nebulatus,Cutoff,5,11,2006,,10:-2:-59 PM,49,24.1
Imantodes,cenchoa,TADS,5,11,2006,,9:-3:-59 PM,75.8,22.5
Sibon,annulatus,Rocky Road,7,11,2006,,8:-13:-59 PM,37.9,7.1
Imantodes,cenchoa,Cascada,11,11,2006,2,8:13:00 PM,31.9,2.6
Oxybelis,brevirostris,Guabal,11,11,2006,2,9:12:00 PM,66,28.8
Dipsas,sp.,Rocky Road,11,11,2006,,8:-28:-59 PM,62.1,50.2
Sibon,argus,Loop Stream,12,11,2006,2,10:-15:-59 PM,35.8,8.2
Imantodes,cenchoa,Main Trail,12,11,2006,2,9:-1:-59 PM,48.2,5.1
Oxybelis,brevirostris,Guabal,13,11,2006,2,8:00:-59 PM,67.3,29.9
Oxybelis,brevirostris,Guabal,13,11,2006,2,8:-17:-59 PM,63.8,22.6
Dipsas,sp.,Guabal,13,11,2006,2,8:-4:-59 PM,20.3,2.1
Imantodes,cenchoa,Rocky Road,13,11,2006,,7:01:00 PM,32.6,3.3
Sibon,argus,TADS,13,11,2006,,8:10:00 PM,29.9,5
Oxybelis,brevirostris,TADS,13,11,2006,,8:21:00 PM,61,20.5
Imantodes,cenchoa,Silenciosa,26,11,2006,2,8:03:00 PM,74.2,22
Sibon,argus,TADS,26,11,2006,,9:00:00 PM,25.5,3.1
Dipsas,sp.,TADS,26,11,2006,,8:-10:-59 PM,22.7,2.3
Sibon,annulatus,Main Trail,28,11,2006,2,7:-4:-59 PM,36.9,6
Sibon,argus,Silenciosa,28,11,2006,2,8:-13:-59 PM,37.9,8.7
Sibon,argus,Silenciosa,28,11,2006,2,8:-27:-59 PM,27.6,3.7
Sibon,longifrenis,TADS,28,11,2006,,8:26:00 PM,34.9,5.4
Sibon,argus,Pond,29,11,2006,,8:16:00 PM,42.1,10.3
Geophis,brachycephalus,Verrugosa,29,11,2006,,8:-20:-59 PM,27,7.4
Imantodes,cenchoa,Trail to Guabal,5,12,2006,,8:00:00 PM,94.3,47.4
Oxybelis,brevirostris,Trail to Guabal,5,12,2006,,9:-26:-59 PM,72.3,30.8
Oxybelis,brevirostris,Guabal,5,12,2006,,9:-9:-59 PM,64.3,24.2
Sibon,argus,Silenciosa,6,12,2006,2,9:-18:-59 PM,38.8,7.1
Dipsas,sp.,Rocky Road,6,12,2006,,7:27:00 PM,35.4,8.1
Oxybelis,brevirostris,Guabal,7,12,2006,2,8:27:00 PM,64.3,24.2
Sibon,argus,Guabal,7,12,2006,2,9:-17:-59 PM,42.5,12.3
Oxyrhopus,petolarius,Road to OTNP,7,12,2006,,7:05:00 PM,61.6,69.3
Leptodeira,septentrionalis,Silenciosa,11,12,2006,2,9:-29:-59 PM,36,10.3
Dipsas,sp.,Rocky Road,11,12,2006,,10:-18:-59 PM,39.5,16.7
Bothriechis,schlegelii,Main Trail,12,12,2006,2,7:10:00 PM,50,54.7
Imantodes,cenchoa,Loop Stream,12,12,2006,2,8:-1:-59 PM,59,13
Oxybelis,brevirostris,Loop Stream,12,12,2006,2,8:-11:-59 PM,53.2,11.4
Oxybelis,brevirostris,Loop Stream,15,12,2006,2,10:21:00 PM,68.1,23.9
Sibon,argus,Loop Stream,15,12,2006,2,10:-4:-59 PM,43.8,10.4
Sibon,argus,Silenciosa,15,12,2006,2,9:-10:-59 PM,36.5,7.1
Bothriechis,schlegelii,Verrugosa,16,12,2006,2,9:01:00 PM,33,7.9
Oxybelis,brevirostris,Verrugosa,16,12,2006,2,10:06:00 PM,66.9,28.3
Oxybelis,brevirostris,Verrugosa,16,12,2006,2,10:-18:-59 PM,62.8,33.4
Imantodes,cenchoa,Verrugosa,16,12,2006,2,9:-2:-59 PM,62.9,10
Oxybelis,brevirostris,Guabal,30,12,2006,2,9:01:00 PM,64.3,23.3
Sibon,nebulatus,Rocky Road,30,12,2006,,8:15:00 PM,30.4,9.4
Dipsas,sp.,Rocky Road,30,12,2006,,8:-9:-59 PM,37.7,15.4
Sibon,annulatus,Trail to Guabal,30,12,2006,,9:-14:-59 PM,35.6,6.7
Imantodes,cenchoa,Main Trail,1,1,2007,2,7:20:00 PM,62.2,13.9
Imantodes,inornatus,Silenciosa,1,1,2007,2,8:18:00 PM,59.6,20.7
Sibon,argus,Silenciosa,1,1,2007,2,8:24:00 PM,38.9,7.1
Oxybelis,brevirostris,Silenciosa,1,1,2007,2,9:01:00 PM,54.5,11.6
Sibon,argus,Silenciosa,1,1,2007,2,8:-8:-59 PM,37.8,9.8
Imantodes,cenchoa,Cutoff,1,1,2007,,8:-28:-59 PM,69.4,10.8
Oxybelis,brevirostris,Loop Stream,3,1,2007,2,9:04:00 PM,68.1,24.1
Oxybelis,brevirostris,Loop Stream,3,1,2007,2,9:-7:-59 PM,68.1,29.1
Oxybelis,brevirostris,Rocky Road,4,1,2007,,8:11:00 PM,59.5,20.2
Leptodeira,septentrionalis,Cutoff,4,1,2007,,8:12:00 PM,40.9,14.4
Dipsas,sp.,Trail to Guabal,4,1,2007,,9:25:00 PM,48.7,15.3
Imantodes,cenchoa,TADS,4,1,2007,,9:-2:-59 PM,67,8.8
Sibon,argus,TADS,4,1,2007,,9:-28:-59 PM,41.5,11.8
Dipsas,sp.,Main Trail,6,1,2007,2,10:-4:-59 PM,48,13.2
Dipsas,sp.,Cutoff,10,1,2007,,8:09:00 PM,43.2,11.6
Sibon,annulatus,Guabal,10,1,2007,,9:00:00 PM,18.2,1.1
Hydromorphis,concolor,Mason's Trib,10,1,2007,,10:18:00 PM,,
Dipsas,sp.,Guabal,10,1,2007,,10:-19:-59 PM,21.6,2.3
Bothriechis,schlegelii,Guabal,10,1,2007,,10:-2:-59 PM,29,8.4
Oxybelis,brevirostris,Guabal,10,1,2007,,10:-4:-59 PM,65.4,23.8
Imantodes,cenchoa,Rocky Road,10,1,2007,,8:-6:-59 PM,34.6,3.2
Imantodes,inornatus,Mason's Trib,10,1,2007,,9:-6:-59 PM,61.5,18.1
Bothrops,asper,Rio Blanco forest,11,1,2007,,7:27:00 PM,,
Oxybelis,brevirostris,Loop Stream,12,1,2007,2,10:28:00 PM,68.1,24.3
Imantodes,cenchoa,Silenciosa,12,1,2007,,8:16:00 PM,74.5,24.8
Imantodes,inornatus,Pond,12,1,2007,,9:05:00 PM,61.4,19.1
Sibon,argus,Pond,12,1,2007,,9:11:00 PM,45,13.6
Imantodes,inornatus,Pond,12,1,2007,,9:18:00 PM,57.3,14.9
Sibon,argus,Guabal,16,1,2007,2,9:-12:-59 PM,28.1,3.9
Leptodeira,septentrionalis,Rocky Road,16,1,2007,,7:02:00 PM,51.2,24.8
Dipsas,sp.,Rocky Road,16,1,2007,,7:-7:-59 PM,46.3,14.3
Oxybelis,brevirostris,Loop Stream,17,1,2007,2,10:09:00 PM,58,18.9
Imantodes,inornatus,Loop Stream,17,1,2007,2,10:-26:-59 PM,63.7,16.3
Sibon,longifrenis,Silenciosa,18,1,2007,2,8:-1:-59 PM,34.6,5.3
Imantodes,cenchoa,Main Trail,18,1,2007,2,9:-1:-59 PM,75.3,15
Oxybelis,brevirostris,Cutoff,18,1,2007,,8:-23:-59 PM,60.1,18.5
Dipsas,sp.,Loop Stream,19,1,2007,2,9:26:00 PM,38.8,8
Imantodes,cenchoa,Loop Stream,19,1,2007,2,10:-18:-59 PM,55.3,7.4
Dipsas,sp.,Guabal,20,1,2007,2,7:16:00 PM,25.5,3.2
Leptophis,nebulosus,Guabal,20,1,2007,2,8:25:00 PM,41,10.9
Dipsas,sp.,Loop Stream,20,1,2007,2,11:-19:-59 PM,28.1,5.1
Dipsas,sp.,Guabal,20,1,2007,2,9:-12:-59 PM,24.9,2.7
Dipsas,sp.,Guabal,20,1,2007,2,9:-19:-59 PM,20.3,1.9
Leptophis,depressirostris,TADS,20,1,2007,,9:26:00 PM,51.5,10.2
Oxybelis,brevirostris,TADS,20,1,2007,,8:-25:-59 PM,62.9,20.2
Oxybelis,brevirostris,Loop Stream,22,1,2007,2,10:-19:-59 PM,68.1,24
Sibon,nebulatus,Rocky Road,22,1,2007,,8:-28:-59 PM,56.2,31.8
Nothopsis,rugosus,Main Trail,23,1,2007,2,,31.3,9.4
Oxybelis,brevirostris,Main Trail,23,1,2007,2,,53.2,11.3
Sibon,argus,Silenciosa,23,1,2007,2,,38.4,8.4
Sibon,annulatus,Rocky Road,23,1,2007,,7:27:00 PM,38.5,7
Oxybelis,brevirostris,Cutoff,23,1,2007,,9:00:00 PM,60.1,18.5
Imantodes,cenchoa,Verrugosa,25,1,2007,2,8:02:00 PM,75.9,14.6
Bothriechis,schlegelii,Verrugosa,25,1,2007,2,8:17:00 PM,17.1,2.7
Imantodes,cenchoa,Verrugosa,25,1,2007,2,8:-11:-59 PM,62.8,10.2
Sibon,annulatus,Verrugosa,25,1,2007,2,8:-24:-59 PM,40,6.1
Imantodes,inornatus,Verrugosa,25,1,2007,2,8:-4:-59 PM,63.3,12.7
Oxybelis,brevirostris,Verrugosa,25,1,2007,2,9:-26:-59 PM,52.2,11.8
Oxybelis,brevirostris,Verrugosa,28,1,2007,1,1:-12:-59 PM,51.4,10.1
Bothriechis,schlegelii,Verrugosa,28,1,2007,1,11:-19:-59 AM,27,8.2
Bothriechis,schlegelii,Cascada,28,1,2007,2,8:15:00 PM,34.8,15.4
Dipsas,sp.,Rocky Road,28,1,2007,,8:-20:-59 PM,27.3,3.8
Sibon,annulatus,Rocky Road,28,1,2007,,8:-23:-59 PM,38.5,7
Sibon,argus,Silenciosa,29,1,2007,2,9:26:00 PM,28.3,3.7
Oxybelis,brevirostris,Loop Stream,29,1,2007,2,10:-1:-59 PM,58,18
Imantodes,cenchoa,Loop Stream,29,1,2007,2,10:-12:-59 PM,58.5,11.1
Oxybelis,brevirostris,Rocky Road,1,2,2007,,9:-20:-59 PM,65.3,24.9
Oxybelis,brevirostris,TADS,5,2,2007,,9:20:00 PM,54,13.3
Dipsas,sp.,Shortcut,5,2,2007,,10:-27:-59 PM,49.2,14.4
Dipsas,sp.,Shortcut,5,2,2007,,10:-28:-59 PM,44.6,11.1
Oxybelis,brevirostris,Cutoff,5,2,2007,,8:-15:-59 PM,67,25.5
Oxybelis,brevirostris,Main Trail,6,2,2007,2,7:21:00 PM,61.7,21.3
Sibon,argus,Silenciosa,6,2,2007,2,8:11:00 PM,28.1,3.6
Oxybelis,brevirostris,Main Trail,6,2,2007,2,8:-14:-59 PM,26.3,2.4
Oxybelis,brevirostris,Silenciosa,6,2,2007,2,9:-13:-59 PM,69.6,27.7
Leptodeira,septentrionalis,Silenciosa,6,2,2007,2,9:-26:-59 PM,54.4,17.5
Oxybelis,brevirostris,Cutoff,6,2,2007,,8:-7:-59 PM,59.6,17.8
Sibon,argus,Guabal,7,2,2007,2,9:-18:-59 PM,36.4,7.1
Imantodes,cenchoa,Guabal,7,2,2007,2,9:-3:-59 PM,77.6,19.6
Sibon,annulatus,Cascada,9,2,2007,2,8:28:00 PM,,
Sibon,annulatus,Main Trail,17,2,2007,2,8:18:00 PM,31,3.7
Imantodes,cenchoa,Main Trail,17,2,2007,2,8:23:00 PM,34.5,3.1
Imantodes,cenchoa,Main Trail,17,2,2007,2,9:03:00 PM,72.5,15.3
Oxybelis,brevirostris,Loop Stream,17,2,2007,2,9:18:00 PM,67,25.8
Imantodes,cenchoa,Loop Stream,17,2,2007,2,9:24:00 PM,79.7,26.6
Dipsas,sp.,Loop Stream,17,2,2007,2,9:29:00 PM,19.4,1.8
Imantodes,cenchoa,Main Trail,18,2,2007,2,7:22:00 PM,60.3,8.8
Bothriechis,schlegelii,Main Trail,18,2,2007,2,8:-18:-59 PM,24.7,5.5
Bothriechis,schlegelii,Cutoff,18,2,2007,,9:-28:-59 PM,19.9,0.9
Sibon,annulatus,Guabal,20,2,2007,2,8:26:00 PM,39.6,6.8
Sibon,annulatus,Guabal,20,2,2007,2,9:-6:-59 PM,36.3,
Sibon,annulatus,Trail to Guabal,20,2,2007,,8:-3:-59 PM,38.7,5.8
Oxybelis,brevirostris,Loop Stream,23,2,2007,2,10:00:-59 PM,58,17.9
Dipsas,sp.,Loop Stream,23,2,2007,2,10:-17:-59 PM,19.4,1.8
Oxybelis,brevirostris,Loop Stream,23,2,2007,2,10:-6:-59 PM,70.1,32.9
Sibon,nebulatus,Mason's Trib,26,2,2007,2,10:14:00 PM,60.5,45.2
Oxybelis,brevirostris,Silenciosa,26,2,2007,2,10:-23:-59 PM,62.9,18.8
Oxybelis,brevirostris,Loop Stream,26,2,2007,,9:14:00 PM,54,11.9
Dipsas,sp.,Trail to Pond,26,2,2007,,10:17:00 PM,40,7.1
Oxybelis,brevirostris,Rocky Road,27,2,2007,,9:27:00 PM,64.3,20.1
Oxybelis,brevirostris,Trail to Guabal,27,2,2007,,10:-6:-59 PM,58.2,20.1
Bothriechis,schlegelii,Aguadulce,28,2,2007,,,24.9,4.8
Oxybelis,brevirostris,Aguadulce,28,2,2007,,,60.7,27.3
Oxybelis,brevirostris,Loop Stream,2,3,2007,2,9:05:00 PM,58,17.4
Oxybelis,brevirostris,Loop Stream,2,3,2007,2,9:12:00 PM,70.1,32.6
Dipsas,sp.,Loop Stream,2,3,2007,2,9:21:00 PM,35.2,5.9
Dipsas,sp.,Loop Stream,2,3,2007,2,9:27:00 PM,28.2,4.7
Sibon,annulatus,Loop Trail,5,3,2007,2,8:11:00 PM,37.3,5.3
Oxybelis,brevirostris,Trail to Visitor Center,5,3,2007,,8:-11:-59 PM,63.7,22.5
Bothrops,asper,Visitor Center,6,3,2007,,10:00:00 PM,,
Bothriechis,schlegelii,Silenciosa,8,3,2007,2,10:16:00 PM,18.2,3.9
Imantodes,cenchoa,Silenciosa,8,3,2007,2,10:26:00 PM,74.1,16.2
Imantodes,cenchoa,Silenciosa,8,3,2007,2,11:-23:-59 PM,98.6,56.4
Imantodes,cenchoa,Main Trail,8,3,2007,2,9:-10:-59 PM,34.8,2.7
Oxybelis,brevirostris,Loop Stream,9,3,2007,2,9:24:00 PM,69.8,22.4
Imantodes,inornatus,Loop Stream,9,3,2007,2,10:-15:-59 PM,63.3,17.2
Oxybelis,brevirostris,Loop Stream,9,3,2007,2,11:-22:-59 PM,60.5,14.3
Dipsas,sp.,Rocky Road,9,3,2007,,8:-16:-59 PM,48.6,15.3
Imantodes,cenchoa,Trail to Guabal,11,3,2007,,9:13:00 PM,45.5,4.8
Dipsas,sp.,Rocky Road,11,3,2007,,8:-17:-59 PM,18.5,1.8
Dipsas,sp.,Rocky Road,11,3,2007,,8:-21:-59 PM,47.2,14.9
Oxybelis,brevirostris,Main Trail,12,3,2007,2,8:18:00 PM,58.1,17.8
Dipsas,sp.,Loop Trail,12,3,2007,2,9:25:00 PM,39.7,8
Imantodes,cenchoa,Loop Trail,12,3,2007,2,9:25:00 PM,60.8,12.6
Oxybelis,brevirostris,Loop Trail,12,3,2007,2,10:09:00 PM,70.3,24.1
Oxybelis,brevirostris,Loop Trail,12,3,2007,2,10:-13:-59 PM,62.2,20.6
Sibon,annulatus,Loop Stream,12,3,2007,2,9:-11:-59 PM,40.6,6.4
Sibon,annulatus,Loop Stream,12,3,2007,2,9:-18:-59 PM,37.3,5.4
Imantodes,inornatus,Cutoff,14,3,2007,,10:-11:-59 PM,55.7,20.9
Imantodes,cenchoa,Trail to Pond,14,3,2007,,8:-24:-59 PM,60,22.5
Dipsas,sp.,Rocky Road,15,3,2007,,11:09:00 PM,38.6,13.6
Oxybelis,brevirostris,Rocky Road past Cascada,15,3,2007,,10:-18:-59 PM,29.4,3
Imantodes,cenchoa,Rocky Road,15,3,2007,,11:-10:-59 PM,75,23.8
Sibon,argus,Rocky Road,15,3,2007,,9:-3:-59 PM,24.9,6.1
Imantodes,cenchoa,Main Trail,17,3,2007,2,7:27:00 PM,61.7,12.7
Dipsas,sp.,Loop Trail,17,3,2007,2,10:-14:-59 PM,48.7,10.2
Leptodeira,septentrionalis,Main Trail,17,3,2007,2,8:-24:-59 PM,45.8,21.3
Oxybelis,brevirostris,Silenciosa,23,3,2007,2,10:26:00 PM,57.3,14.1
Imantodes,cenchoa,Loop Stream,23,3,2007,,10:-19:-59 PM,76.7,20.8
Bothriechis,schlegelii,Loop Stream,23,3,2007,,10:-28:-59 PM,18.3,2.1
Bothriechis,schlegelii,Main Trail,23,3,2007,,9:-22:-59 PM,29.8,8.7
Imantodes,cenchoa,Guabal,26,3,2007,2,9:05:00 PM,69.4,21.9
Sibon,annulatus,Guabal,26,3,2007,2,10:-11:-59 PM,21,1.4
Dipsas,sp.,Trail to Guabal,26,3,2007,,9:-12:-59 PM,44.4,8.8
Sibon,annulatus,Loop Trail,27,3,2007,2,8:07:00 PM,38,7.8
Oxybelis,brevirostris,Loop Trail,27,3,2007,2,10:29:00 PM,70.3,25.8
Sibon,annulatus,Loop Stream,27,3,2007,2,10:-20:-59 PM,40.6,6.6
Sibon,nebulatus,Loop Stream,27,3,2007,2,10:-23:-59 PM,32.9,8.4
Imantodes,cenchoa,Main Trail,27,3,2007,2,8:-7:-59 PM,73.9,16.5
Dipsas,sp.,Loop Trail,27,3,2007,2,9:-24:-59 PM,29.6,4.5
Oxybelis,brevirostris,Aguadulce,27,3,2007,,10:03:00 PM,57.9,18.2
Imantodes,cenchoa,Aguadulce,27,3,2007,,10:20:00 PM,65.3,11
Sibon,annulatus,Main Trail,2,4,2007,2,8:19:00 PM,30.4,5.6
Imantodes,cenchoa,Loop Stream,2,4,2007,2,10:-26:-59 PM,59.3,12.3
Oxybelis,brevirostris,Main Trail,2,4,2007,2,8:-23:-59 PM,66.7,25
Oxybelis,brevirostris,Main Trail,2,4,2007,2,9:-18:-59 PM,27.1,2.8
Oxybelis,brevirostris,Sen Abe,3,4,2007,,8:26:00 PM,68.1,23.7
Dipsas,sp.,Main Trail,6,4,2007,2,8:14:00 PM,41.8,10.1
Sibon,annulatus,TADS,6,4,2007,,9:-10:-59 PM,37.8,5.6
Imantodes,cenchoa,Cutoff,6,4,2007,,9:-27:-59 PM,45.4,5.5
Sibon,annulatus,TADS,6,4,2007,,9:-5:-59 PM,25.4,2.6
Dipsas,sp.,Main Trail,7,4,2007,2,8:06:00 PM,21.4,2.3
Bothriechis,schlegelii,Silenciosa,7,4,2007,2,9:00:00 PM,31.9,9.4
Bothriechis,schlegelii,Silenciosa,7,4,2007,2,9:12:00 PM,24.9,5
Leptodeira,septentrionalis,Silenciosa,7,4,2007,2,9:21:00 PM,34.9,10.5
Sibon,argus,Silenciosa,7,4,2007,2,10:-16:-59 PM,36.4,7
Sibon,annulatus,Silenciosa,7,4,2007,2,10:-25:-59 PM,34.2,4.9
Bothriechis,schlegelii,Main Trail,7,4,2007,2,8:-7:-59 PM,29.8,8.7
Leptodeira,septentrionalis,Cutoff,7,4,2007,,9:-17:-59 PM,38.8,13
Sibon,annulatus,Guabal,8,4,2007,2,9:11:00 PM,36.3,6.4
Imantodes,cenchoa,Loop Trail,8,4,2007,2,9:25:00 PM,37.8,3.2
Dipsas,sp.,Loop Trail,8,4,2007,2,10:-18:-59 PM,28.2,5.1
Sibon,annulatus,Guabal,8,4,2007,2,9:-13:-59 PM,22.4,1.7
Leptodeira,septentrionalis,Cascada,8,4,2007,2,9:-23:-59 PM,48,23.4
Sibon,argus,Guabal,8,4,2007,2,9:-8:-59 PM,31,5
Bothriechis,schlegelii,Main Trail,8,4,2007,,8:00:00 PM,29.8,8.7
Imantodes,cenchoa,Main Trail,8,4,2007,,8:29:00 PM,76.2,36.8
Oxybelis,brevirostris,Loop Stream,8,4,2007,,9:01:00 PM,64.2,17.9
Oxybelis,brevirostris,Main Trail,8,4,2007,,8:-19:-59 PM,68.4,27.3
Oxybelis,brevirostris,Main Trail,8,4,2007,,8:-23:-59 PM,66.7,25
Oxybelis,brevirostris,Main Trail,8,4,2007,,8:-7:-59 PM,62,19.3
Leptodeira,septentrionalis,Main Trail,8,4,2007,,9:-9:-59 PM,49.8,22.9
Oxybelis,brevirostris,Main Trail,12,4,2007,2,8:00:00 PM,63.6,20.7
Bothriechis,schlegelii,Main Trail,12,4,2007,2,8:27:00 PM,29.8,8.7
Dipsas,sp.,Rocky Road,12,4,2007,,10:-20:-59 PM,41.6,10.4
Dipsas,sp.,Rocky Road,12,4,2007,,10:-21:-59 PM,39.7,15.2
Dipsas,sp.,Rocky Road,12,4,2007,,10:-23:-59 PM,49,15.1
Sibon,nebulatus,Rocky Road,12,4,2007,,10:-9:-59 PM,40.5,14.2
Clelia,clelia,Silenciosa,16,4,2007,2,9:02:00 PM,151,
Sibon,argus,Silenciosa,16,4,2007,2,9:11:00 PM,36.3,6.7
Dipsas,sp.,Loop Trail,16,4,2007,2,11:-27:-59 PM,29.1,3.4
Lachesis,stenophrys,Main Trail,16,4,2007,2,9:-21:-59 PM,,
Oxybelis,brevirostris,Main Trail,23,4,2007,2,7:23:00 PM,66.7,21.7
Imantodes,cenchoa,Loop Stream,23,4,2007,2,9:15:00 PM,80,27.8
Leptophis,nebulosus,Loop Trail,23,4,2007,2,10:-6:-59 PM,53.5,30.4
Sibon,annulatus,Loop Stream,23,4,2007,2,9:00:-59 PM,40.3,6.2
Oxybelis,brevirostris,Loop Stream,23,4,2007,2,9:-20:-59 PM,64.2,18.7
Sibon,annulatus,Loop Stream,23,4,2007,2,9:-8:-59 PM,38.2,8.4
Sibon,annulatus,Loop Trail,28,4,2007,2,8:15:00 PM,38,5.4
Oxybelis,brevirostris,Loop Trail,28,4,2007,2,8:-13:-59 PM,30.4,3.3
Dipsas,sp.,Loop Trail,28,4,2007,2,9:-13:-59 PM,49.1,14.9
Dipsas,sp.,Loop Trail,28,4,2007,2,9:-29:-59 PM,28.8,3
Bothriechis,schlegelii,Main Trail,30,4,2007,1,11:16:00 AM,29.8,8.7
Bothriechis,schlegelii,Main Trail,4,5,2007,2,8:21:00 PM,17.8,3.5
Dipsas,sp.,Silenciosa,4,5,2007,2,9:12:00 PM,39.3,7.6
Sibon,argus,Silenciosa,4,5,2007,2,9:25:00 PM,33.8,6.2
Sibon,annulatus,Silenciosa,4,5,2007,2,10:08:00 PM,24.5,1.4
Imantodes,cenchoa,Loop Stream,4,5,2007,2,11:07:00 PM,59.3,12.3
Bothriechis,schlegelii,Main Trail,4,5,2007,2,8:-24:-59 PM,29.8,8.7
Sibon,annulatus,Cutoff,4,5,2007,,8:27:00 PM,,13.2
Dipsas,sp.,Guabal,6,5,2007,2,9:08:00 PM,26.1,2.1
Sibon,annulatus,Main Trail,6,5,2007,2,10:19:00 PM,34.6,8.8
Bothriechis,schlegelii,Main Trail,6,5,2007,2,10:28:00 PM,29.8,8.7
Oxybelis,brevirostris,Main Trail,6,5,2007,2,11:-15:-59 PM,66.7,20
Sibon,annulatus,Guabal,6,5,2007,2,9:-11:-59 PM,21.6,1
Oxybelis,brevirostris,Rocky Road,6,5,2007,,8:-28:-59 PM,65.8,19.6
Oxybelis,brevirostris,Loop Trail,8,5,2007,2,8:03:00 PM,60,17.9
Sibon,annulatus,Loop Stream,8,5,2007,2,9:-13:-59 PM,40.3,5.5
Bothriechis,schlegelii,Main Trail,10,5,2007,,,,
Sibon,argus,Loop Stream,13,5,2007,2,8:18:00 PM,38.8,8.7
Sibon,argus,Loop Stream,13,5,2007,2,8:18:00 PM,44.1,8.2
Bothriechis,schlegelii,Loop Stream,13,5,2007,,10:20:00 PM,40.1,15.4
Oxybelis,brevirostris,Road to OTNP,13,5,2007,,11:07:00 PM,64.3,30.4
Oxybelis,brevirostris,Road to OTNP,13,5,2007,,11:10:00 PM,68.4,37
Oxybelis,brevirostris,Road to OTNP,13,5,2007,,0:-29:-59 PM,67.5,26.3
Imantodes,cenchoa,Loop Stream,13,5,2007,,11:-22:-59 PM,74.1,25
Sibon,argus,Silenciosa,18,5,2007,2,9:23:00 PM,28.1,3.7
Oxybelis,brevirostris,Road to OTNP,18,5,2007,,12:00:00 AM,64.3,30.4
Sibon,annulatus,Cutoff,18,5,2007,,9:09:00 PM,33.9,4.2
Leptodeira,septentrionalis,Pond,18,5,2007,,10:05:00 PM,61.6,55
Oxybelis,brevirostris,Mason's Trib,18,5,2007,,11:15:00 PM,43.1,7
Dipsas,sp.,Mason's Trib,18,5,2007,,11:19:00 PM,38.4,10.4
Geophis,brachycephalus,Mason's Trib,18,5,2007,,11:25:00 PM,11.3,0.8
Leptophis,nebulosus,Pond,18,5,2007,,11:-29:-59 PM,49.8,19.5
Sibon,argus,Pond,18,5,2007,,11:-29:-59 PM,40.5,15
Sibon,argus,Pond,18,5,2007,,11:-29:-59 PM,25.9,3.5
Sibon,argus,Pond,18,5,2007,,11:-9:-59 PM,43.5,15.7
Sibon,argus,Pond,18,5,2007,,11:-9:-59 PM,46.7,19.1
Oxybelis,brevirostris,Cutoff,18,5,2007,,9:-22:-59 PM,60,17.9
Sibon,argus,Guabal,22,5,2007,2,10:-29:-59 PM,31.3,4.6
Sibon,annulatus,Trail to Guabal,22,5,2007,,9:01:00 PM,34.9,4.3
Sibon,annulatus,TADS,22,5,2007,,10:26:00 PM,25.1,2.4
Imantodes,cenchoa,Trail to Guabal,22,5,2007,,9:-2:-59 PM,65,13.1
Leptodeira,septentrionalis,Road to OTNP,25,5,2007,,11:13:00 PM,55.7,35
Oxybelis,brevirostris,Road to OTNP,25,5,2007,,0:-14:-59 PM,56.5,15
Oxybelis,brevirostris,Road to OTNP,25,5,2007,,0:-26:-59 PM,64,22.9
Pseutes,poecilonotus,Road to OTNP,25,5,2007,,,42.4,22.2
Sibon,argus,Main Trail,2,6,2007,2,8:-2:-59 PM,31.5,
Oxybelis,brevirostris,Road to OTNP,2,6,2007,,7:12:00 PM,66,
Imantodes,cenchoa,Main Trail,2,6,2007,,9:-22:-59 PM,74,14.6
Sibon,annulatus,Trail to Pond,5,6,2007,,9:04:00 PM,62,
Leptodeira,septentrionalis,Pond,5,6,2007,,9:29:00 PM,65,55
Oxybelis,brevirostris,Road to OTNP,5,6,2007,,11:13:00 PM,66,25.5
Leptophis,nebulosus,Pond,5,6,2007,,10:-24:-59 PM,49.8,19.5
Sibon,argus,Pond,5,6,2007,,10:-7:-59 PM,40,
Sibon,annulatus,Pond,5,6,2007,,,28.5,
Chironius,exoletus,Rocky Road,9,6,2007,,7:11:00 PM,28,
Sibon,annulatus,Rocky Road,9,6,2007,,8:08:00 PM,33,
Oxybelis,brevirostris,Rocky Road,9,6,2007,,8:22:00 PM,68.5,
Sibon,annulatus,Loop Trail,16,6,2007,2,10:-12:-59 PM,32,
Sibon,annulatus,Loop Trail,16,6,2007,2,10:-28:-59 PM,40.5,
Oxybelis,brevirostris,Road to OTNP,16,6,2007,,11:-12:-59 PM,68,
Oxybelis,brevirostris,Road to OTNP,16,6,2007,,11:-26:-59 PM,52,
Oxybelis,brevirostris,Road to OTNP,16,6,2007,,11:-8:-59 PM,66,25.5
Pseutes,poecilonotus,Road to OTNP,16,6,2007,,2:-25:-59 PM,136,
Sibon,argus,Loop Stream,7,7,2007,2,8:22:00 PM,38.7,9.4
Sibon,annulatus,Silenciosa,7,7,2007,2,8:28:00 PM,34.2,4.6
Sibon,longifrenis,Silenciosa,7,7,2007,2,9:13:00 PM,34.7,5.2
Sibon,annulatus,Silenciosa,7,7,2007,2,9:-17:-59 PM,37.9,5.5
Leptodeira,septentrionalis,Pond,7,7,2007,,10:07:00 PM,60.3,40.6
Sibon,argus,Pond,7,7,2007,,10:17:00 PM,26,3.7
Sibon,argus,Pond,7,7,2007,,10:17:00 PM,42.9,18.1
Imantodes,inornatus,Pond,7,7,2007,,10:20:00 PM,59.6,20.9
Sibon,argus,Pond,7,7,2007,,11:-29:-59 PM,44.8,13.3
Dipsas,sp.,Silenciosa,7,7,2007,,9:-7:-59 PM,38.2,6.5
Bothriechis,schlegelii,Main Trail,9,7,2007,,7:21:00 PM,40.3,16.3
Dipsas,sp.,Rocky Road,9,7,2007,,10:26:00 PM,40.5,13.1
Imantodes,cenchoa,Rocky Road,9,7,2007,,10:28:00 PM,55.3,8.9
Dipsas,sp.,Rocky Road,9,7,2007,,11:-21:-59 PM,42.7,16.6
Leptodeira,septentrionalis,Pond,9,7,2007,,9:-10:-59 PM,48.7,29.2
Sibon,argus,Loop Stream,10,7,2007,2,9:-7:-59 PM,44.5,8.6
Oxybelis,brevirostris,Loop Stream,10,7,2007,,9:11:00 PM,67.8,20.3
Oxybelis,brevirostris,Loop Stream,10,7,2007,,9:17:00 PM,59.1,17
Oxybelis,brevirostris,Loop Trail,10,7,2007,,10:09:00 PM,70.1,23.6
Sibon,argus,Silenciosa,12,7,2007,2,10:-10:-59 PM,37.3,8.1
Sibon,annulatus,Silenciosa,12,7,2007,2,10:-25:-59 PM,40.5,5.5
Dipsas,sp.,Rocky Road,12,7,2007,,11:-13:-59 PM,49.1,15.4
Dipsas,sp.,Cutoff,12,7,2007,,9:-1:-59 PM,43.6,9.6
Dipsas,sp.,Main Trail,12,7,2007,,9:-8:-59 PM,43.2,10.4
Oxybelis,brevirostris,Rocky Road,13,7,2007,,8:27:00 PM,54.9,13.9
Sibon,annulatus,Guabal,13,7,2007,,9:14:00 PM,36.1,6.4
Leptodeira,septentrionalis,Trail to Guabal,13,7,2007,,9:-1:-59 PM,54.6,20.2
Sibon,annulatus,Trail to Guabal,13,7,2007,,9:-7:-59 PM,55.4,4.6
Sibon,annulatus,Silenciosa,16,7,2007,2,9:-28:-59 PM,38.4,5.1
Sibon,nebulatus,TADS,16,7,2007,,8:12:00 PM,47.4,22.5
Leptodeira,septentrionalis,Pond,16,7,2007,,9:06:00 PM,60.3,37.8
Oxyrhopus,petolarius,Loop Stream,16,7,2007,,10:09:00 PM,28.9,7.2
Dipsas,sp.,Verrugosa,16,7,2007,,9:-24:-59 PM,21.3,1.5
Dipsas,sp.,Main Trail,19,7,2007,,8:24:00 PM,40.3,9.3
Leptodeira,septentrionalis,Main Trail,19,7,2007,,9:05:00 PM,45.6,23.5
Dipsas,sp.,Rocky Road,19,7,2007,,10:00:00 PM,43.9,15.7
Dipsas,sp.,Main Trail,19,7,2007,,10:-27:-59 PM,48.7,14.5
Oxybelis,brevirostris,Main Trail,19,7,2007,,9:-2:-59 PM,54.4,14.4
Corallus,annulatus,Main Trail,19,7,2007,,9:-25:-59 PM,75.8,115.5
Dipsas,sp.,Main Trail,19,7,2007,,9:-5:-59 PM,45.1,12
Imantodes,cenchoa,Sen Abe,20,7,2007,,8:13:00 PM,43,4.2
Dipsas,sp.,Loop Trail,20,7,2007,,9:07:00 PM,36.4,6.9
Oxybelis,brevirostris,Loop Stream,20,7,2007,,9:-26:-59 PM,59.1,16.5
Sibon,annulatus,Pond,20,7,2007,,,34.4,4.1
Sibon,nebulatus,Main Trail,21,7,2007,2,8:-19:-59 PM,45.1,17.8
Sibon,longifrenis,Silenciosa,21,7,2007,2,9:-14:-59 PM,34.7,
Dipsas,sp.,Rocky Road,21,7,2007,,10:-6:-59 PM,43,18.6
Oxybelis,brevirostris,Loop Trail,22,7,2007,,,70.2,32.6
Sibon,argus,Pond,22,7,2007,,,42.6,17.8
Sibon,argus,Pond,22,7,2007,,,41.3,15.6
Sibon,argus,Pond,22,7,2007,,,46.9,19.7
Dipsas,sp.,Rocky Road,23,7,2007,,,44.6,12.7
Imantodes,cenchoa,Main Trail,23,7,2007,,,60.4,9.2
Oxybelis,brevirostris,Loop Stream up,23,7,2007,,,63.7,21.4
Oxybelis,brevirostris,Road to OTNP,23,7,2007,,,67.1,23.6
Oxyrhopus,petolarius,Cabin,23,7,2007,,,70.8,84.2
Dipsas,sp.,Main Trail,24,7,2007,,,43.2,17.7
Dipsas,sp.,Trail to Pond,24,7,2007,,,52.4,14.6
Leptodeira,septentrionalis,Loop Stream Strangler,24,7,2007,,,56.8,31.2
Sibon,argus,Pond,25,7,2007,,,40.4,16.3
Sibon,argus,Pond,25,7,2007,,,43.3,10.1
Dipsas,sp.,Rocky Road,26,7,2007,,10:11:00 PM,43.9,16
Dipsas,sp.,Rocky Road,26,7,2007,,8:-8:-59 PM,48.1,13.9
Oxybelis,brevirostris,Rocky Road,26,7,2007,,9:-29:-59 PM,62.6,21.9
Sibon,nebulatus,Silenciosa,29,7,2007,2,8:23:00 PM,46.5,23
Imantodes,cenchoa,Cutoff,29,7,2007,,8:04:00 PM,73.9,14.6
Oxybelis,brevirostris,TADS,29,7,2007,,8:16:00 PM,63.2,24.9
Leptodeira,septentrionalis,Pond,29,7,2007,,9:03:00 PM,43.8,19.4
Sibon,argus,Pond,29,7,2007,,9:08:00 PM,46.9,19.6
Dipsas,sp.,Mason's Trib,29,7,2007,,9:-18:-59 PM,48.6,13.5
Imantodes,inornatus,Pond,29,7,2007,,9:-5:-59 PM,59.9,19
Sibon,argus,Main Trail,30,7,2007,2,8:-9:-59 PM,40.7,10.8
Oxybelis,brevirostris,Main Trail,30,7,2007,,8:05:00 PM,63.7,21.4
Dipsas,sp.,Main Trail,30,7,2007,,8:24:00 PM,41,9.4
Oxybelis,brevirostris,Loop Stream,30,7,2007,,9:-6:-59 PM,63.4,20.6
Sibon,annulatus,Silenciosa,3,8,2007,2,9:-2:-59 PM,37,6.4
Dipsas,sp.,Silenciosa,3,8,2007,,9:05:00 PM,37.3,5.3
Sibon,argus,Loop Stream,4,8,2007,2,8:26:00 PM,41.7,10.7
Imantodes,cenchoa,Cutoff,4,8,2007,,8:11:00 PM,65.6,16.5
Bothriechis,schlegelii,Loop Stream,4,8,2007,,8:26:00 PM,37,13.1
Dipsas,sp.,Rocky Road,4,8,2007,,10:17:00 PM,16.3,1.1
Dipsas,sp.,Main Trail,4,8,2007,,8:-21:-59 PM,32.2,4.1
Dipsas,sp.,Verrugosa,4,8,2007,,9:-16:-59 PM,20.2,1.8
Sibon,argus,Guabal,6,8,2007,2,9:07:00 PM,32.2,5.1
Bothriechis,schlegelii,Rocky Road,6,8,2007,,10:-7:-59 PM,22,4.2
Pseutes,poecilonotus,Visitor Center,7,8,2007,,11:00:00 AM,112.1,435.1
Ninia,maculata,Road to OTNP,7,8,2007,,12:00:00 PM,,
Imantodes,inornatus,Guabal,12,8,2007,,8:09:00 PM,63.3,15.2
Oxybelis,brevirostris,Cutoff,12,8,2007,,10:17:00 PM,27.8,2.8
Sibon,annulatus,TADS,12,8,2007,,10:-16:-59 PM,34.6,6
Sibon,annulatus,Guabal,12,8,2007,,10:-29:-59 PM,35.4,5.4
Oxybelis,brevirostris,Main Trail,12,8,2007,,11:-11:-59 PM,63.7,21.8
Leptodeira,septentrionalis,Main Trail,12,8,2007,,11:-22:-59 PM,50,22
Imantodes,cenchoa,Rocky Road,12,8,2007,,8:-16:-59 PM,64.6,11
Oxybelis,brevirostris,Rocky Road,12,8,2007,,8:-20:-59 PM,66.3,24.5
Sibon,argus,Loop Stream,13,8,2007,2,10:-5:-59 PM,34.4,4.6
Sibon,annulatus,Guabal,13,8,2007,,10:-29:-59 PM,34.2,4
Oxybelis,brevirostris,Main Trail,13,8,2007,,9:-22:-59 PM,23.6,2
Oxybelis,brevirostris,Road to OTNP,13,8,2007,,,63.6,22.4
Sibon,annulatus,Silenciosa,14,8,2007,2,9:25:00 PM,25.7,2.5
Leptodeira,septentrionalis,Pond,14,8,2007,,9:-1:-59 PM,48.7,29.2
Leptodeira,septentrionalis,Pond,14,8,2007,,9:-15:-59 PM,60.3,37.8
Sibon,nebulatus,Main Trail,15,8,2007,2,10:22:00 PM,,
Imantodes,cenchoa,Rocky Road,15,8,2007,,8:08:00 PM,64.6,11
Sibon,annulatus,Trail to Cascada,15,8,2007,,10:-29:-59 PM,41.4,
Oxybelis,brevirostris,Rocky Road,16,8,2007,,8:01:00 PM,66.8,24.6
Oxybelis,brevirostris,Trail to Guabal,16,8,2007,,9:05:00 PM,58.3,20.9
Imantodes,cenchoa,Trail to Guabal,16,8,2007,,9:16:00 PM,58.2,8.9
Oxybelis,brevirostris,Rocky Road,16,8,2007,,8:-7:-59 PM,69.9,33.5
Dipsas,sp.,Main Trail,18,8,2007,,8:-3:-59 PM,30.7,4
Dipsas,sp.,Main Trail,18,8,2007,,9:-19:-59 PM,21.1,2.2
Sibon,annulatus,Main Trail,19,8,2007,2,9:-7:-59 PM,29.3,2.4
Bothrops,asper,Guabal,19,8,2007,,10:-14:-59 PM,,
Oxybelis,brevirostris,Shortcut,19,8,2007,,10:-28:-59 PM,58.2,17
Oxybelis,brevirostris,Trail to TADS,19,8,2007,,21;17,62.8,22.2
Dipsas,sp.,Loop Trail,19,8,2007,,,44.1,11.9
Dipsas,sp.,Main Trail,19,8,2007,,,44,15.9
Sibon,argus,Loop Stream,22,8,2007,2,,36.8,9.4
Chironius,grandisquamis,Main Trail,22,8,2007,,,94.5,205
Oxybelis,brevirostris,Loop Stream,22,8,2007,,,59.1,15.9
Dipsas,sp.,Loop Trail,10,11,2007,,,25.2,3.1
Dipsas,sp.,Main Trail,10,11,2007,,,34,5.2
Rhinobothrium,bovallii,Main Trail,10,11,2007,,,104.9,105.9
Dipsas,sp.,Rocky Road,11,11,2007,,,50.3,14
Dipsas,sp.,Rocky Road,11,11,2007,,,46.5,11.8
Imantodes,cenchoa,Main Trail,18,11,2007,2,,81.2,25.2
Dipsas,sp.,Cutoff,18,11,2007,,,23.3,2.3
Dipsas,sp.,Cutoff,18,11,2007,,,20.9,2.4
Dipsas,sp.,Rocky Road,18,11,2007,,,39.8,13.9
Sibon,annulatus,Sen Abe,18,11,2007,,,40.3,6.8
Dipsas,sp.,Trail to Guabal,22,11,2007,,,,
Dipsas,sp.,Trail to Guabal,22,11,2007,,,,
Dipsas,sp.,Trail to TADS,22,11,2007,,,,
Bothriechis,schlegelii,Main Trail,27,11,2007,2,,,
Oxybelis,brevirostris,Main Trail,27,11,2007,2,,,
Oxybelis,brevirostris,Road to OTNP,,,2007,,,69,36
Dipsas,sp.,Main Trail,21,5,2008,2,8:18:00 PM,44.1,12.5
Oxybelis,brevirostris,Main Trail,27,5,2008,2,,,
Sibon,annulatus,Main Trail,29,5,2008,2,,37.7,5.1
Dipsas,sp.,Sen Abe,2,6,2008,,,50.6,14.7
Dipsas,sp.,Loop Trail,3,6,2008,2,9:17:00 PM,27.8,3.6
Dipsas,sp.,Loop Stream,3,6,2008,2,8:-8:-59 PM,44.6,18
Dipsas,sp.,Rocky Road,3,6,2008,,10:-5:-59 PM,39.6,12.3
Sibon,annulatus,Silenciosa,8,6,2008,2,9:09:00 PM,37.1,6.4
Oxybelis,brevirostris,Silenciosa,8,6,2008,2,9:28:00 PM,41,6.1
Imantodes,cenchoa,Silenciosa,8,6,2008,2,9:-18:-59 PM,70,14.4
Sibon,annulatus,Silenciosa,8,6,2008,2,9:-4:-59 PM,37.6,7.3
Dipsas,sp.,Rocky Road,8,6,2008,,10:21:00 PM,41.4,10.1
Sibon,argus,Cutoff,8,6,2008,,9:-25:-59 PM,44.2,9.9
Dipsas,sp.,Loop Stream,10,6,2008,2,10:-17:-59 PM,39.9,15.3
Sibon,nebulatus,Road to OTNP,10,6,2008,,11:07:00 PM,44.1,17.9
Chironius,exoletus,Road to OTNP,12,6,2008,,,93.6,102.3
Sibon,annulatus,Guabal,16,6,2008,2,8:21:00 PM,28,2.6
Dipsas,sp.,Main Trail,18,6,2008,2,8:27:00 PM,35.4,6.5
Dipsas,sp.,Loop Stream,18,6,2008,2,9:18:00 PM,19.9,1.3
Dipsas,sp.,Main Trail,20,6,2008,2,8:18:00 PM,32.9,5.9
Sibon,annulatus,Main Trail,20,6,2008,2,8:29:00 PM,35.3,5.7
Dipsas,sp.,Silenciosa,24,6,2008,2,11:13:00 PM,26.5,4
Sibon,annulatus,Silenciosa,24,6,2008,2,11:16:00 PM,36.9,10.3
Leptodeira,septentrionalis,Pond,25,6,2008,,10:-15:-59 PM,50.6,27.4
Sibon,argus,Pond,25,6,2008,,10:-15:-59 PM,,
Leptodeira,septentrionalis,Pond,25,6,2008,,10:-22:-59 PM,56.1,24.3
Oxybelis,brevirostris,Main Trail,28,6,2008,2,8:05:00 PM,75.2,32.2
Sibon,annulatus,Main Trail,28,6,2008,2,8:-11:-59 PM,,
Dipsas,sp.,Main Trail,28,6,2008,2,9:-29:-59 PM,40.1,10.3
Erytholamprus,sp.,Loop Trail,8,7,2008,,,66.9,54.6
Oxybelis,brevirostris,Road to OTNP,8,7,2008,,,56.9,18.7
Oxybelis,brevirostris,Road to OTNP,8,7,2008,,,72.2,41.5
Sibon,nebulatus,Loop Stream,17,7,2008,2,9:18:00 PM,47.1,21.7
Sibon,argus,Cutoff,19,7,2008,,11:17:00 PM,38.7,9.4
Oxybelis,brevirostris,Mason's Trib,19,7,2008,,11:-15:-59 PM,72.1,28.2
Micrurus,stewarti,Main Trail,28,7,2008,2,8:10:00 PM,,
Dipsas,sp.,Loop Stream,28,7,2008,2,10:-21:-59 PM,20.8,1.6
Dipsas,sp.,Loop Stream,29,7,2008,,10:-20:-59 PM,22,1.6
Dipsas,sp.,Rocky Road,1,8,2008,,10:02:00 PM,44.6,18.4
Oxybelis,brevirostris,Rocky Road,1,8,2008,,10:14:00 PM,70.4,30.7
Dipsas,sp.,Main Trail,5,8,2008,2,,32.3,4.7
Dipsas,sp.,Main Trail,5,8,2008,2,,39.9,12.9
Dipsas,sp.,Main Trail,5,8,2008,2,,18.7,1.5
Leptodeira,septentrionalis,Road to OTNP,5,8,2008,,,48.5,23.8
Imantodes,cenchoa,Main Trail,16,8,2008,2,10:09:00 PM,68.4,12.4
Sibon,annulatus,Cutoff,16,8,2008,,9:01:00 PM,39.9,5.4
Clelia,clelia,Cutoff,16,8,2008,,9:20:00 PM,,
Sibon,annulatus,Cutoff,16,8,2008,,10:-17:-59 PM,34.1,4.2
Sibon,annulatus,Main Trail,17,8,2008,2,8:15:00 PM,23.2,1.7
Imantodes,cenchoa,Loop Trail,17,8,2008,2,9:26:00 PM,66.9,16.5
Imantodes,cenchoa,Main Trail,17,8,2008,2,8:-6:-59 PM,82.6,43.9
Oxybelis,brevirostris,Main Trail,17,8,2008,2,9:-17:-59 PM,68.7,31.9
Pseutes,poecilonotus,Visitor Center,18,8,2008,,,60.6,70.4
Sibon,argus,Guabal,20,8,2008,2,8:00:00 PM,43.4,12.3
Imantodes,cenchoa,Guabal,20,8,2008,2,9:04:00 PM,79.6,21.8
Imantodes,cenchoa,Guabal,20,8,2008,2,9:-22:-59 PM,68.6,15.2
Sibon,argus,Guabal,20,8,2008,2,9:-9:-59 PM,41.4,10.5
Leptodeira,septentrionalis,Road to OTNP,20,8,2008,,10:-8:-59 PM,52.1,26
Sibon,argus,Cascada,22,8,2008,2,9:-22:-59 PM,43.7,8.3
Dipsas,sp.,Rocky Road,22,8,2008,,7:13:00 PM,44.6,17.4
Oxybelis,brevirostris,Trail to Guabal,22,8,2008,,9:21:00 PM,81.1,21.1
Oxybelis,brevirostris,Main Trail,23,8,2008,2,8:07:00 PM,75.2,31.8
Sibon,annulatus,Main Trail,23,8,2008,2,8:20:00 PM,23.2,1.7
Sibon,argus,Pond,25,8,2008,,8:06:00 PM,38.2,12.3
Sibon,annulatus,Cutoff,25,8,2008,,9:28:00 PM,34.6,4.1
Sibon,annulatus,Guabal,26,8,2008,2,9:03:00 PM,28.5,2.2
Sibon,annulatus,Trail to TADS,26,8,2008,,8:05:00 PM,34.2,4.4
Oxybelis,brevirostris,Rocky Road,26,8,2008,,8:-17:-59 PM,70.4,31.7
Dipsas,sp.,Rocky Road,26,8,2008,,8:-4:-59 PM,40.3,11.2
Dipsas,sp.,Main Trail,4,9,2008,2,8:23:00 PM,39.9,11.9
Imantodes,cenchoa,Main Trail,4,9,2008,2,9:09:00 PM,67.3,16.6
Leptodeira,septentrionalis,Rocky Road,4,9,2008,,12:20:00 PM,53.6,29.5
Oxybelis,brevirostris,Rocky Road,6,9,2008,,10:00:00 PM,70.4,30.7
Dipsas,sp.,Rocky Road,6,9,2008,,10:01:00 PM,,11
Oxybelis,brevirostris,Trail to TADS,6,9,2008,,10:-10:-59 PM,66.9,28.6
Sibon,annulatus,TADS,6,9,2008,,10:-27:-59 PM,36,5
Imantodes,cenchoa,Main Trail,9,9,2008,2,7:23:00 PM,70.1,13.9
Imantodes,cenchoa,Verrugosa,9,9,2008,2,9:01:00 PM,78.3,18.5
Geophis,brachycephalus,Verrugosa,9,9,2008,2,9:09:00 PM,28.3,11.8
Oxybelis,brevirostris,Verrugosa,9,9,2008,2,10:02:00 PM,57.4,18.6
Oxybelis,brevirostris,Verrugosa,9,9,2008,2,10:12:00 PM,67.1,28.6
Oxybelis,brevirostris,Verrugosa,9,9,2008,2,11:-26:-59 PM,71.9,34.2
Dipsas,sp.,Verrugosa,9,9,2008,2,11:-5:-59 PM,22.7,2.4
Imantodes,cenchoa,Verrugosa,9,9,2008,2,9:-24:-59 PM,47.1,6
Oxybelis,brevirostris,Loop Trail,17,9,2008,2,9:-17:-59 PM,67.5,28.1
Imantodes,cenchoa,Cutoff,21,9,2008,,9:13:00 PM,69.8,15.6
Dipsas,sp.,Rocky Road,21,9,2008,,10:-19:-59 PM,,
Oxybelis,brevirostris,Road to OTNP,28,9,2008,,,,
Oxybelis,brevirostris,Road to OTNP,28,9,2008,,,59.2,20.1
Dipsas,sp.,Main Trail,29,9,2008,2,8:12:00 PM,21.9,2.1
Sibon,nebulatus,Main Trail,29,9,2008,2,9:-11:-59 PM,,
Dipsas,sp.,Rocky Road,29,9,2008,,10:-13:-59 PM,51.2,17.3
Dipsas,sp.,Rocky Road,29,9,2008,,10:-13:-59 PM,44.6,17.4
Dipsas,sp.,Rocky Road,29,9,2008,,10:-6:-59 PM,43.1,17.3
Sibon,annulatus,Cutoff,8,6,2009,,8:28:00 PM,40.4,7.3
Imantodes,cenchoa,Cutoff,21,9,2009,,9:21:00 PM,65.9,12.7
Mastigodryas,melanolomus,Main Trail,14,10,2009,,303,,
Oxybelis,brevirostris,Trail to Pond,14,10,2009,,2138,,
Bothrops,asper,Verrugosa,17,10,2009,,153,,
Leptodeira,septentrionalis,Loop Trail,17,10,2009,,2011,,
Clelia,equitoriana,Road to OTNP,22,12,2009,,,,
Imantodes,cenchoa,Main Trail,22,12,2009,,,,
Oxybelis,brevirostris,Rocky Road,22,12,2009,,,,
Rhinobothrium,bovallii,Main Trail,22,12,2009,,,60,28.4
Dipsas,sp.,Main Trail,20,2,2010,,,68.6,27
Dipsas,sp.,Rocky Road,20,2,2010,,,36.2,8
Dipsas,sp.,Shortcut,20,2,2010,,,46.1,20.3
Dipsas,sp.,TADS,20,2,2010,,,35.9,8.4
Chironius,grandisquamis,Silenciosa,11,7,2010,1,1140,,
Sibon,argus,Guabal,13,7,2010,2,2055,,4.5
Sibon,argus,Loop Stream,14,7,2010,2,2038,43,16
Sibon,argus,Loop Stream,17,7,2010,2,2055,31,4.5
Leptodeira,septentrionalis,Loop Stream,17,7,2010,2,2245,,
Dipsas,sp.,Rocky Road,18,4,2011,,2159,42.2,18.5
Dipsas,sp.,Rocky Road,18,4,2011,,2159,41.2,9.5
Dipsas,sp.,Rocky Road,18,4,2011,,2212,40.9,18.5
Dipsas,sp.,Rocky Road,18,4,2011,,2220,19.3,1.5
Sibon,annulatus,Rocky Road,18,4,2011,,2225,23,3.5
Dipsas,sp.,Main Trail,23,4,2011,2,2015,33.3,7.5
Oxybelis,brevirostris,Main Trail,23,4,2011,2,2039,49.1,9
Dipsas,sp.,Rocky Road,23,4,2011,,1936,18.2,1.5
Oxybelis,brevirostris,Main Trail,3,5,2011,2,1930,48,10
Dipsas,sp.,Main Trail,3,5,2011,2,2044,10.4,2
Sibon,annulatus,Main Trail,8,5,2011,2,1850,37.2,6
Dipsas,sp.,Main Trail,8,5,2011,2,1853,19.2,1.2
Dipsas,sp.,Main Trail,10,5,2011,2,2041,32.2,6.5
Dipsas,sp.,Main Trail,10,5,2011,2,2100,19.3,1.5
Dipsas,sp.,Main Trail,10,5,2011,2,2111,25.1,3
Dipsas,sp.,Main Trail,10,5,2011,2,2132,40,12
Dipsas,sp.,Sen Abe,20,6,2011,,,,
Dipsas,sp.,Loop Stream,13,7,2011,2,2019,49,17
Imantodes,cenchoa,Loop Stream,13,7,2011,2,2032,34.2,11
Sibon,argus,Loop Stream,13,7,2011,2,2054,34.2,5
Sibon,argus,Loop Stream,14,7,2011,2,2100,38.8,5
Sibon,annulatus,Main Trail,14,7,2011,2,2311,32.6,4
Sibon,argus,Loop Stream,15,7,2011,2,2102,20.6,8
Sibon,argus,Silenciosa,16,7,2011,2,2158,33.6,5.3
Sibon,argus,Guabal,17,7,2011,2,2024,46.2,14.8
Sibon,argus,Silenciosa,17,7,2011,2,2137,37.3,6.5
Sibon,argus,Guabal,18,7,2011,2,2042,45.6,17
Sibon,argus,Silenciosa,18,7,2011,2,2200,39.1,6.9
Oxyrhopus,petolarius,Cascada,18,7,2011,2,,50.9,33.5
Clelia,equitoriana,Verrugosa,22,7,2011,2,,44.5,25
Imantodes,cenchoa,Verrugosa,22,7,2011,2,,63.9,8
Dipsas,sp.,Rocky Road,29,7,2011,,,,
Dipsas,sp.,Rocky Road,29,7,2011,,,,
Imantodes,cenchoa,Rocky Road,29,7,2011,,,,
Oxybelis,brevirostris,Loop Trail,7,8,2011,,,66.1,28
Sibon,argus,Rocky Road,7,8,2011,,,36.6,7
Bothriechis,schlegelii,Main Trail,11,1,2012,,,19.5,
Dipsas,sp.,Rocky Road,11,1,2012,,,19.5,3.5
Oxybelis,brevirostris,Main Trail,11,1,2012,,,84.2,23.5
Dipsas,sp.,Main Trail,13,1,2012,2,2008,20.7,3.6
Imantodes,cenchoa,Main Trail,13,1,2012,2,2100,79.1,27.5
Oxybelis,brevirostris,Main Trail,13,1,2012,2,2110,27,4.5
Dipsas,sp.,Rocky Road,13,1,2012,,1907,36.2,11
Oxybelis,brevirostris,Main Trail,17,1,2012,2,2021,26.8,4.3
Dipsas,sp.,Main Trail,17,1,2012,2,2047,43.6,20
Oxybelis,brevirostris,Main Trail,17,1,2012,2,2104,25.4,4.1
Sibon,nebulatus,Main Trail,17,1,2012,2,2125,31.1,9.5
Dipsas,sp.,Sen Abe,17,1,2012,,2150,50.2,14.5
Imantodes,cenchoa,Rocky Road,17,1,2012,,2155,95.1,49.5
Bothriechis,schlegelii,Rocky Road,17,1,2012,,2231,,
Sibon,argus,Main Trail,30,1,2012,2,1948,39.8,14.5
Oxybelis,brevirostris,Main Trail,30,1,2012,2,1955,55.8,19
Imantodes,cenchoa,Loop Trail,30,1,2012,2,2133,56.2,11.5
Imantodes,cenchoa,Rocky Road,30,1,2012,,1925,74.7,15
Leptodeira,septentrionalis,Main Trail,5,2,2012,2,1927,52.8,31.5
Imantodes,cenchoa,Loop Trail,13,2,2012,2,2137,60.6,12.5
Oxybelis,brevirostris,Trail to Visitor Center,13,2,2012,,2140,,
Dipsas,sp.,Main Trail,27,2,2012,2,,46.5,13.5
Dipsas,sp.,Rocky Road,27,2,2012,,,24.7,3.5
Dipsas,sp.,Rocky Road,28,2,2012,,,47.1,13
Imantodes,cenchoa,Rocky Road,28,2,2012,,,95.2,50
Dipsas,sp.,Main Trail,6,3,2012,2,,,
Dipsas,sp.,Rocky Road,6,3,2012,,,,
Dipsas,sp.,Guabal,3,6,2012,2,2133,,
Imantodes,cenchoa,Guabal,3,6,2012,2,2137,40.4,3.8
Dipsas,sp.,Silenciosa,3,6,2012,2,,,
Sibon,argus,Silenciosa,3,6,2012,2,,,
Oxybelis,brevirostris,Guabal,4,6,2012,2,950,31.2,4.6
Sibon,annulatus,Silenciosa,4,6,2012,2,1941,23.4,2.3
Sibon,argus,Cascada,8,6,2012,2,2103,39,6.4
Dipsas,sp.,Cascada,8,6,2012,2,2119,26,2.1
Oxybelis,brevirostris,Loop Stream,9,6,2012,2,2035,29.3,2.4
Sibon,annulatus,Loop Stream,9,6,2012,2,2227,26,3.3
Sibon,argus,Loop Stream,9,6,2012,2,2245,39,6.8
Bothriechis,schlegelii,Loop Stream,10,6,2012,,1943,,
Bothriechis,schlegelii,Loop Stream,13,6,2012,2,1926,,
Dipsas,sp.,Main Trail,14,6,2012,2,2227,,
Bothriechis,schlegelii,Main Trail,16,6,2012,2,1100,,
Imantodes,cenchoa,Main Trail,16,6,2012,2,1920,,
Bothriechis,schlegelii,Main Trail,16,6,2012,2,1952,,
Bothriechis,schlegelii,Loop Stream,18,6,2012,1,1040,,
Dipsas,sp.,Verrugosa,19,6,2012,2,1932,,
Imantodes,cenchoa,Silenciosa,24,6,2012,2,1940,,
Dipsas,sp.,Silenciosa,24,6,2012,2,2006,,
Dipsas,sp.,Silenciosa,26,6,2012,2,2150,,
Bothriechis,schlegelii,Loop Stream,27,6,2012,2,2051,,
Bothriechis,schlegelii,Loop Stream,28,6,2012,2,2051,,
Bothriechis,schlegelii,Loop Stream,29,6,2012,2,1917,,
Imantodes,cenchoa,Loop Stream,29,6,2012,2,2011,,
Dipsas,sp.,Loop Trail,3,7,2012,,2153,,
Rhinobothrium,bovallii,Loop Trail,4,7,2012,1,2111,,
Sibon,argus,Verrugosa,6,7,2012,2,1922,,
Sibon,argus,Verrugosa,7,7,2012,2,1912,,
Imantodes,cenchoa,Verrugosa,7,7,2012,2,2133,,
Sibon,argus,Verrugosa,7,7,2012,2,2155,,
Sibon,nebulatus,Verrugosa,7,7,2012,2,2156,,
Sibon,argus,Cascada,11,7,2012,2,2057,,
Imantodes,cenchoa,MainTrail,14,7,2012,,2258,64.3,16
Geophis,brachycephalus,Silenciosa,15,7,2012,2,1923,238,
Sibon,argus,Silenciosa,15,7,2012,2,1956,,
Sibon,argus,Guabal,16,7,2012,2,2024,,
Dipsas,sp.,Main Trail,22,7,2012,2,2116,,1.3
